window_id,has_start,start_idx,start_norm,has_end,end_idx,end_norm
0,1,78,0.35135135135135137,0,-1,-1.0
1,1,58,0.26126126126126126,0,-1,-1.0
2,1,38,0.17117117117117117,0,-1,-1.0
3,1,18,0.08108108108108109,0,-1,-1.0
4,0,-1,-1.0,0,-1,-1.0
5,0,-1,-1.0,0,-1,-1.0
6,0,-1,-1.0,1,222,1.0
7,0,-1,-1.0,1,202,0.9099099099099099
8,1,222,1.0,1,182,0.8198198198198198
9,1,202,0.9099099099099099,1,162,0.7297297297297297
10,1,182,0.8198198198198198,1,142,0.6396396396396397
11,1,162,0.7297297297297297,1,122,0.5495495495495496
12,1,142,0.6396396396396397,1,102,0.4594594594594595
13,1,122,0.5495495495495496,1,82,0.36936936936936937
14,1,102,0.4594594594594595,1,62,0.27927927927927926
15,1,82,0.36936936936936937,1,42,0.1891891891891892
16,1,62,0.27927927927927926,1,22,0.0990990990990991
17,1,42,0.1891891891891892,1,2,0.009009009009009009
18,1,22,0.0990990990990991,0,-1,-1.0
19,1,2,0.009009009009009009,0,-1,-1.0
20,0,-1,-1.0,1,208,0.9369369369369369
21,0,-1,-1.0,1,188,0.8468468468468469
22,1,208,0.9369369369369369,1,168,0.7567567567567568
23,1,188,0.8468468468468469,1,148,0.6666666666666666
24,1,168,0.7567567567567568,1,128,0.5765765765765766
25,1,148,0.6666666666666666,1,108,0.4864864864864865
26,1,128,0.5765765765765766,1,88,0.3963963963963964
27,1,108,0.4864864864864865,1,68,0.3063063063063063
28,1,88,0.3963963963963964,1,48,0.21621621621621623
29,1,68,0.3063063063063063,1,28,0.12612612612612611
30,1,48,0.21621621621621623,1,8,0.036036036036036036
31,1,28,0.12612612612612611,0,-1,-1.0
32,1,8,0.036036036036036036,0,-1,-1.0
33,0,-1,-1.0,1,211,0.9504504504504504
34,0,-1,-1.0,1,191,0.8603603603603603
35,1,22,0.0990990990990991,0,-1,-1.0
36,1,2,0.009009009009009009,0,-1,-1.0
37,0,-1,-1.0,0,-1,-1.0
38,1,218,0.9819819819819819,1,206,0.9279279279279279
39,1,198,0.8918918918918919,1,186,0.8378378378378378
40,1,178,0.8018018018018018,1,166,0.7477477477477478
41,1,158,0.7117117117117117,1,146,0.6576576576576577
42,1,138,0.6216216216216216,1,126,0.5675675675675675
43,1,118,0.5315315315315315,1,106,0.4774774774774775
44,1,98,0.44144144144144143,1,86,0.38738738738738737
45,1,78,0.35135135135135137,1,66,0.2972972972972973
46,1,58,0.26126126126126126,1,46,0.2072072072072072
47,1,38,0.17117117117117117,1,26,0.11711711711711711
48,1,18,0.08108108108108109,1,6,0.02702702702702703
49,0,-1,-1.0,0,-1,-1.0
50,0,-1,-1.0,1,211,0.9504504504504504
51,1,203,0.9144144144144144,1,191,0.8603603603603603
52,1,183,0.8243243243243243,1,171,0.7702702702702703
53,1,163,0.7342342342342343,1,151,0.6801801801801802
54,1,143,0.6441441441441441,1,131,0.5900900900900901
55,1,123,0.5540540540540541,1,111,0.5
56,1,103,0.46396396396396394,1,91,0.4099099099099099
57,1,83,0.3738738738738739,1,71,0.31981981981981983
58,1,63,0.28378378378378377,1,51,0.22972972972972974
59,1,43,0.19369369369369369,1,31,0.13963963963963963
60,1,23,0.1036036036036036,1,11,0.04954954954954955
61,1,3,0.013513513513513514,0,-1,-1.0
62,1,221,0.9954954954954955,1,209,0.9414414414414415
63,1,201,0.9054054054054054,1,189,0.8513513513513513
64,1,181,0.8153153153153153,1,169,0.7612612612612613
65,1,161,0.7252252252252253,1,149,0.6711711711711712
66,1,141,0.6351351351351351,1,129,0.581081081081081
67,1,121,0.545045045045045,1,109,0.49099099099099097
68,1,101,0.45495495495495497,1,89,0.4009009009009009
69,1,81,0.36486486486486486,1,69,0.3108108108108108
70,1,61,0.2747747747747748,1,49,0.22072072072072071
71,1,41,0.18468468468468469,1,29,0.13063063063063063
72,1,48,0.21621621621621623,0,-1,-1.0
73,1,28,0.12612612612612611,0,-1,-1.0
74,1,8,0.036036036036036036,0,-1,-1.0
75,0,-1,-1.0,0,-1,-1.0
76,0,-1,-1.0,0,-1,-1.0
77,0,-1,-1.0,1,218,0.9819819819819819
78,0,-1,-1.0,1,198,0.8918918918918919
79,1,203,0.9144144144144144,1,178,0.8018018018018018
80,1,183,0.8243243243243243,1,158,0.7117117117117117
81,1,163,0.7342342342342343,1,138,0.6216216216216216
82,1,143,0.6441441441441441,1,118,0.5315315315315315
83,1,123,0.5540540540540541,1,98,0.44144144144144143
84,1,103,0.46396396396396394,1,78,0.35135135135135137
85,1,83,0.3738738738738739,1,58,0.26126126126126126
86,1,63,0.28378378378378377,1,38,0.17117117117117117
87,1,43,0.19369369369369369,1,18,0.08108108108108109
88,1,23,0.1036036036036036,0,-1,-1.0
89,1,3,0.013513513513513514,0,-1,-1.0
90,0,-1,-1.0,0,-1,-1.0
91,0,-1,-1.0,0,-1,-1.0
92,0,-1,-1.0,1,209,0.9414414414414415
93,1,214,0.963963963963964,1,189,0.8513513513513513
94,1,194,0.8738738738738738,1,169,0.7612612612612613
95,1,174,0.7837837837837838,1,149,0.6711711711711712
96,1,154,0.6936936936936937,1,129,0.581081081081081
97,1,134,0.6036036036036037,1,109,0.49099099099099097
98,1,114,0.5135135135135135,1,89,0.4009009009009009
99,1,94,0.42342342342342343,1,69,0.3108108108108108
100,1,74,0.3333333333333333,1,49,0.22072072072072071
101,1,54,0.24324324324324326,1,29,0.13063063063063063
102,1,34,0.15315315315315314,1,9,0.04054054054054054
103,1,14,0.06306306306306306,0,-1,-1.0
104,0,-1,-1.0,0,-1,-1.0
105,0,-1,-1.0,0,-1,-1.0
106,0,-1,-1.0,1,209,0.9414414414414415
107,1,84,0.3783783783783784,0,-1,-1.0
108,1,64,0.2882882882882883,0,-1,-1.0
109,1,44,0.1981981981981982,0,-1,-1.0
110,1,24,0.10810810810810811,1,205,0.9234234234234234
111,1,4,0.018018018018018018,1,185,0.8333333333333334
112,1,208,0.9369369369369369,1,165,0.7432432432432432
113,1,188,0.8468468468468469,1,145,0.6531531531531531
114,1,168,0.7567567567567568,1,125,0.5630630630630631
115,1,148,0.6666666666666666,1,105,0.47297297297297297
116,1,128,0.5765765765765766,1,85,0.38288288288288286
117,1,108,0.4864864864864865,1,65,0.2927927927927928
118,1,88,0.3963963963963964,1,45,0.20270270270270271
119,1,68,0.3063063063063063,1,25,0.11261261261261261
120,1,48,0.21621621621621623,1,5,0.02252252252252252
121,1,28,0.12612612612612611,0,-1,-1.0
122,1,8,0.036036036036036036,0,-1,-1.0
123,0,-1,-1.0,0,-1,-1.0
124,0,-1,-1.0,0,-1,-1.0
125,0,-1,-1.0,0,-1,-1.0
126,0,-1,-1.0,1,210,0.9459459459459459
127,0,-1,-1.0,1,190,0.8558558558558559
128,1,213,0.9594594594594594,1,170,0.7657657657657657
129,1,193,0.8693693693693694,1,150,0.6756756756756757
130,1,173,0.7792792792792793,1,130,0.5855855855855856
131,1,153,0.6891891891891891,1,110,0.4954954954954955
132,1,133,0.5990990990990991,1,90,0.40540540540540543
133,1,113,0.509009009009009,1,70,0.3153153153153153
134,1,93,0.4189189189189189,1,50,0.22522522522522523
135,1,73,0.32882882882882886,1,30,0.13513513513513514
136,1,53,0.23873873873873874,1,10,0.04504504504504504
137,1,33,0.14864864864864866,1,181,0.8153153153153153
138,1,13,0.05855855855855856,1,161,0.7252252252252253
139,1,184,0.8288288288288288,1,141,0.6351351351351351
140,1,164,0.7387387387387387,1,121,0.545045045045045
141,1,144,0.6486486486486487,1,101,0.45495495495495497
142,1,124,0.5585585585585585,1,81,0.36486486486486486
143,1,104,0.46846846846846846,1,61,0.2747747747747748
144,1,84,0.3783783783783784,1,41,0.18468468468468469
145,1,64,0.2882882882882883,1,21,0.0945945945945946
146,1,44,0.1981981981981982,1,1,0.0045045045045045045
147,1,24,0.10810810810810811,0,-1,-1.0
148,1,4,0.018018018018018018,0,-1,-1.0
149,0,-1,-1.0,0,-1,-1.0
150,0,-1,-1.0,0,-1,-1.0
151,0,-1,-1.0,1,208,0.9369369369369369
152,1,30,0.13513513513513514,0,-1,-1.0
153,1,10,0.04504504504504504,0,-1,-1.0
154,0,-1,-1.0,1,221,0.9954954954954955
155,1,217,0.9774774774774775,1,201,0.9054054054054054
156,1,197,0.8873873873873874,1,181,0.8153153153153153
157,1,177,0.7972972972972973,1,161,0.7252252252252253
158,1,157,0.7072072072072072,1,141,0.6351351351351351
159,1,137,0.6171171171171171,1,121,0.545045045045045
160,1,117,0.527027027027027,1,101,0.45495495495495497
161,1,97,0.4369369369369369,1,81,0.36486486486486486
162,1,77,0.34684684684684686,1,61,0.2747747747747748
163,1,57,0.25675675675675674,1,41,0.18468468468468469
164,1,37,0.16666666666666666,1,21,0.0945945945945946
165,1,17,0.07657657657657657,1,1,0.0045045045045045045
166,0,-1,-1.0,0,-1,-1.0
167,0,-1,-1.0,0,-1,-1.0
168,0,-1,-1.0,1,217,0.9774774774774775
169,1,213,0.9594594594594594,1,197,0.8873873873873874
170,1,193,0.8693693693693694,1,177,0.7972972972972973
171,1,173,0.7792792792792793,1,157,0.7072072072072072
172,1,153,0.6891891891891891,1,137,0.6171171171171171
173,1,133,0.5990990990990991,1,117,0.527027027027027
174,1,113,0.509009009009009,1,97,0.4369369369369369
175,1,93,0.4189189189189189,1,77,0.34684684684684686
176,1,73,0.32882882882882886,1,57,0.25675675675675674
177,1,53,0.23873873873873874,1,37,0.16666666666666666
178,1,33,0.14864864864864866,1,17,0.07657657657657657
179,1,13,0.05855855855855856,0,-1,-1.0
180,0,-1,-1.0,0,-1,-1.0
181,0,-1,-1.0,0,-1,-1.0
182,0,-1,-1.0,0,-1,-1.0
183,0,-1,-1.0,1,213,0.9594594594594594
184,1,66,0.2972972972972973,0,-1,-1.0
185,1,46,0.2072072072072072,0,-1,-1.0
186,1,26,0.11711711711711711,0,-1,-1.0
187,1,6,0.02702702702702703,1,220,0.990990990990991
188,0,-1,-1.0,1,200,0.9009009009009009
189,1,214,0.963963963963964,1,180,0.8108108108108109
190,1,194,0.8738738738738738,1,160,0.7207207207207207
191,1,174,0.7837837837837838,1,140,0.6306306306306306
192,1,154,0.6936936936936937,1,120,0.5405405405405406
193,1,134,0.6036036036036037,1,100,0.45045045045045046
194,1,114,0.5135135135135135,1,80,0.36036036036036034
195,1,94,0.42342342342342343,1,60,0.2702702702702703
196,1,74,0.3333333333333333,1,40,0.18018018018018017
197,1,54,0.24324324324324326,1,20,0.09009009009009009
198,1,34,0.15315315315315314,1,0,0.0
199,1,14,0.06306306306306306,0,-1,-1.0
200,0,-1,-1.0,0,-1,-1.0
201,0,-1,-1.0,0,-1,-1.0
202,0,-1,-1.0,0,-1,-1.0
203,0,-1,-1.0,0,-1,-1.0
204,0,-1,-1.0,0,-1,-1.0
205,0,-1,-1.0,1,213,0.9594594594594594
206,0,-1,-1.0,1,193,0.8693693693693694
207,1,207,0.9324324324324325,1,173,0.7792792792792793
208,1,187,0.8423423423423423,1,153,0.6891891891891891
209,1,167,0.7522522522522522,1,133,0.5990990990990991
210,1,147,0.6621621621621622,1,113,0.509009009009009
211,1,127,0.5720720720720721,1,93,0.4189189189189189
212,1,107,0.481981981981982,1,73,0.32882882882882886
213,1,87,0.3918918918918919,1,53,0.23873873873873874
214,1,67,0.30180180180180183,1,33,0.14864864864864866
215,1,47,0.21171171171171171,1,13,0.05855855855855856
216,1,27,0.12162162162162163,0,-1,-1.0
217,1,7,0.03153153153153153,0,-1,-1.0
218,0,-1,-1.0,0,-1,-1.0
219,0,-1,-1.0,1,209,0.9414414414414415
220,0,-1,-1.0,1,189,0.8513513513513513
221,1,20,0.09009009009009009,1,166,0.7477477477477478
222,1,0,0.0,1,146,0.6576576576576577
223,1,137,0.6171171171171171,1,126,0.5675675675675675
224,1,117,0.527027027027027,1,106,0.4774774774774775
225,1,97,0.4369369369369369,1,86,0.38738738738738737
226,1,77,0.34684684684684686,1,66,0.2972972972972973
227,1,57,0.25675675675675674,1,46,0.2072072072072072
228,1,37,0.16666666666666666,1,26,0.11711711711711711
229,1,17,0.07657657657657657,1,6,0.02702702702702703
230,1,189,0.8513513513513513,1,178,0.8018018018018018
231,1,169,0.7612612612612613,1,158,0.7117117117117117
232,1,149,0.6711711711711712,1,138,0.6216216216216216
233,1,129,0.581081081081081,1,118,0.5315315315315315
234,1,109,0.49099099099099097,1,98,0.44144144144144143
235,1,89,0.4009009009009009,1,78,0.35135135135135137
236,1,69,0.3108108108108108,1,58,0.26126126126126126
237,1,49,0.22072072072072071,1,38,0.17117117117117117
238,1,29,0.13063063063063063,1,18,0.08108108108108109
239,1,9,0.04054054054054054,0,-1,-1.0
240,0,-1,-1.0,0,-1,-1.0
241,0,-1,-1.0,1,208,0.9369369369369369
242,0,-1,-1.0,1,188,0.8468468468468469
243,1,70,0.3153153153153153,0,-1,-1.0
244,1,50,0.22522522522522523,0,-1,-1.0
245,1,30,0.13513513513513514,0,-1,-1.0
246,1,10,0.04504504504504504,0,-1,-1.0
247,0,-1,-1.0,0,-1,-1.0
248,0,-1,-1.0,1,208,0.9369369369369369
249,0,-1,-1.0,1,188,0.8468468468468469
250,1,204,0.918918918918919,1,168,0.7567567567567568
251,1,184,0.8288288288288288,1,148,0.6666666666666666
252,1,164,0.7387387387387387,1,128,0.5765765765765766
253,1,144,0.6486486486486487,1,108,0.4864864864864865
254,1,124,0.5585585585585585,1,88,0.3963963963963964
255,1,104,0.46846846846846846,1,68,0.3063063063063063
256,1,84,0.3783783783783784,1,48,0.21621621621621623
257,1,64,0.2882882882882883,1,28,0.12612612612612611
258,1,44,0.1981981981981982,1,8,0.036036036036036036
259,1,24,0.10810810810810811,0,-1,-1.0
260,1,4,0.018018018018018018,1,222,1.0
261,0,-1,-1.0,1,202,0.9099099099099099
262,1,218,0.9819819819819819,1,182,0.8198198198198198
263,1,198,0.8918918918918919,1,162,0.7297297297297297
264,1,178,0.8018018018018018,1,142,0.6396396396396397
265,1,158,0.7117117117117117,1,122,0.5495495495495496
266,1,138,0.6216216216216216,1,102,0.4594594594594595
267,1,118,0.5315315315315315,1,82,0.36936936936936937
268,1,98,0.44144144144144143,1,62,0.27927927927927926
269,1,78,0.35135135135135137,1,42,0.1891891891891892
270,1,58,0.26126126126126126,1,22,0.0990990990990991
271,1,38,0.17117117117117117,1,2,0.009009009009009009
272,1,18,0.08108108108108109,0,-1,-1.0
273,0,-1,-1.0,0,-1,-1.0
274,0,-1,-1.0,1,204,0.918918918918919
275,0,-1,-1.0,1,184,0.8288288288288288
276,1,78,0.35135135135135137,0,-1,-1.0
277,1,58,0.26126126126126126,0,-1,-1.0
278,1,38,0.17117117117117117,0,-1,-1.0
279,1,18,0.08108108108108109,1,222,1.0
280,0,-1,-1.0,1,202,0.9099099099099099
281,1,222,1.0,1,182,0.8198198198198198
282,1,202,0.9099099099099099,1,162,0.7297297297297297
283,1,182,0.8198198198198198,1,142,0.6396396396396397
284,1,162,0.7297297297297297,1,122,0.5495495495495496
285,1,142,0.6396396396396397,1,102,0.4594594594594595
286,1,122,0.5495495495495496,1,82,0.36936936936936937
287,1,102,0.4594594594594595,1,62,0.27927927927927926
288,1,82,0.36936936936936937,1,42,0.1891891891891892
289,1,62,0.27927927927927926,1,22,0.0990990990990991
290,1,42,0.1891891891891892,1,2,0.009009009009009009
291,1,22,0.0990990990990991,0,-1,-1.0
292,1,2,0.009009009009009009,0,-1,-1.0
293,0,-1,-1.0,1,212,0.954954954954955
294,0,-1,-1.0,1,192,0.8648648648648649
295,1,212,0.954954954954955,1,172,0.7747747747747747
296,1,192,0.8648648648648649,1,152,0.6846846846846847
297,1,172,0.7747747747747747,1,132,0.5945945945945946
298,1,152,0.6846846846846847,1,112,0.5045045045045045
299,1,132,0.5945945945945946,1,92,0.4144144144144144
300,1,112,0.5045045045045045,1,72,0.32432432432432434
301,1,92,0.4144144144144144,1,52,0.23423423423423423
302,1,72,0.32432432432432434,1,32,0.14414414414414414
303,1,52,0.23423423423423423,1,12,0.05405405405405406
304,1,32,0.14414414414414414,0,-1,-1.0
305,1,12,0.05405405405405406,0,-1,-1.0
306,0,-1,-1.0,0,-1,-1.0
307,0,-1,-1.0,0,-1,-1.0
308,0,-1,-1.0,0,-1,-1.0
309,0,-1,-1.0,0,-1,-1.0
310,0,-1,-1.0,0,-1,-1.0
311,0,-1,-1.0,1,204,0.918918918918919
312,1,48,0.21621621621621623,1,183,0.8243243243243243
313,1,28,0.12612612612612611,1,163,0.7342342342342343
314,1,8,0.036036036036036036,1,143,0.6441441441441441
315,1,148,0.6666666666666666,1,123,0.5540540540540541
316,1,128,0.5765765765765766,1,103,0.46396396396396394
317,1,108,0.4864864864864865,1,83,0.3738738738738739
318,1,88,0.3963963963963964,1,63,0.28378378378378377
319,1,68,0.3063063063063063,1,43,0.19369369369369369
320,1,48,0.21621621621621623,1,23,0.1036036036036036
321,1,28,0.12612612612612611,1,3,0.013513513513513514
322,1,8,0.036036036036036036,0,-1,-1.0
323,0,-1,-1.0,0,-1,-1.0
324,0,-1,-1.0,0,-1,-1.0
325,0,-1,-1.0,0,-1,-1.0
326,0,-1,-1.0,0,-1,-1.0
327,0,-1,-1.0,1,222,1.0
328,0,-1,-1.0,1,202,0.9099099099099099
329,1,207,0.9324324324324325,1,182,0.8198198198198198
330,1,187,0.8423423423423423,1,162,0.7297297297297297
331,1,167,0.7522522522522522,1,142,0.6396396396396397
332,1,147,0.6621621621621622,1,122,0.5495495495495496
333,1,127,0.5720720720720721,1,102,0.4594594594594595
334,1,107,0.481981981981982,1,82,0.36936936936936937
335,1,87,0.3918918918918919,1,62,0.27927927927927926
336,1,67,0.30180180180180183,1,42,0.1891891891891892
337,1,47,0.21171171171171171,1,22,0.0990990990990991
338,1,27,0.12162162162162163,1,2,0.009009009009009009
339,1,7,0.03153153153153153,1,216,0.972972972972973
340,1,26,0.11711711711711711,1,198,0.8918918918918919
341,1,6,0.02702702702702703,1,178,0.8018018018018018
342,1,172,0.7747747747747747,1,158,0.7117117117117117
343,1,152,0.6846846846846847,1,138,0.6216216216216216
344,1,132,0.5945945945945946,1,118,0.5315315315315315
345,1,112,0.5045045045045045,1,98,0.44144144144144143
346,1,92,0.4144144144144144,1,78,0.35135135135135137
347,1,72,0.32432432432432434,1,58,0.26126126126126126
348,1,52,0.23423423423423423,1,38,0.17117117117117117
349,1,32,0.14414414414414414,1,18,0.08108108108108109
350,1,12,0.05405405405405406,0,-1,-1.0
351,0,-1,-1.0,0,-1,-1.0
352,0,-1,-1.0,0,-1,-1.0
353,0,-1,-1.0,0,-1,-1.0
354,0,-1,-1.0,1,216,0.972972972972973
355,1,210,0.9459459459459459,1,196,0.8828828828828829
356,1,190,0.8558558558558559,1,176,0.7927927927927928
357,1,170,0.7657657657657657,1,156,0.7027027027027027
358,1,150,0.6756756756756757,1,136,0.6126126126126126
359,1,130,0.5855855855855856,1,116,0.5225225225225225
360,1,110,0.4954954954954955,1,96,0.43243243243243246
361,1,90,0.40540540540540543,1,76,0.34234234234234234
362,1,70,0.3153153153153153,1,56,0.25225225225225223
363,1,50,0.22522522522522523,1,36,0.16216216216216217
364,1,30,0.13513513513513514,1,16,0.07207207207207207
365,1,10,0.04504504504504504,1,204,0.918918918918919
366,1,198,0.8918918918918919,1,184,0.8288288288288288
367,1,178,0.8018018018018018,1,164,0.7387387387387387
368,1,158,0.7117117117117117,1,144,0.6486486486486487
369,1,138,0.6216216216216216,1,124,0.5585585585585585
370,1,118,0.5315315315315315,1,104,0.46846846846846846
371,1,98,0.44144144144144143,1,84,0.3783783783783784
372,1,78,0.35135135135135137,1,64,0.2882882882882883
373,1,58,0.26126126126126126,1,44,0.1981981981981982
374,1,38,0.17117117117117117,1,24,0.10810810810810811
375,1,18,0.08108108108108109,1,4,0.018018018018018018
376,0,-1,-1.0,0,-1,-1.0
377,0,-1,-1.0,0,-1,-1.0
378,0,-1,-1.0,1,218,0.9819819819819819
379,0,-1,-1.0,1,198,0.8918918918918919
380,1,58,0.26126126126126126,0,-1,-1.0
381,1,38,0.17117117117117117,0,-1,-1.0
382,1,18,0.08108108108108109,0,-1,-1.0
383,0,-1,-1.0,0,-1,-1.0
384,0,-1,-1.0,1,207,0.9324324324324325
385,1,217,0.9774774774774775,1,187,0.8423423423423423
386,1,197,0.8873873873873874,1,167,0.7522522522522522
387,1,177,0.7972972972972973,1,147,0.6621621621621622
388,1,157,0.7072072072072072,1,127,0.5720720720720721
389,1,137,0.6171171171171171,1,107,0.481981981981982
390,1,117,0.527027027027027,1,87,0.3918918918918919
391,1,97,0.4369369369369369,1,67,0.30180180180180183
392,1,77,0.34684684684684686,1,47,0.21171171171171171
393,1,57,0.25675675675675674,1,27,0.12162162162162163
394,1,37,0.16666666666666666,1,7,0.03153153153153153
395,1,17,0.07657657657657657,1,204,0.918918918918919
396,1,214,0.963963963963964,1,184,0.8288288288288288
397,1,194,0.8738738738738738,1,164,0.7387387387387387
398,1,174,0.7837837837837838,1,144,0.6486486486486487
399,1,154,0.6936936936936937,1,124,0.5585585585585585
400,1,134,0.6036036036036037,1,104,0.46846846846846846
401,1,114,0.5135135135135135,1,84,0.3783783783783784
402,1,94,0.42342342342342343,1,64,0.2882882882882883
403,1,74,0.3333333333333333,1,44,0.1981981981981982
404,1,54,0.24324324324324326,1,24,0.10810810810810811
405,1,34,0.15315315315315314,1,4,0.018018018018018018
406,1,14,0.06306306306306306,0,-1,-1.0
407,0,-1,-1.0,0,-1,-1.0
408,0,-1,-1.0,0,-1,-1.0
409,0,-1,-1.0,0,-1,-1.0
410,0,-1,-1.0,0,-1,-1.0
411,0,-1,-1.0,1,211,0.9504504504504504
412,0,-1,-1.0,1,191,0.8603603603603603
413,1,72,0.32432432432432434,0,-1,-1.0
414,1,52,0.23423423423423423,0,-1,-1.0
415,1,32,0.14414414414414414,0,-1,-1.0
416,1,12,0.05405405405405406,0,-1,-1.0
417,0,-1,-1.0,0,-1,-1.0
418,0,-1,-1.0,0,-1,-1.0
419,0,-1,-1.0,0,-1,-1.0
420,0,-1,-1.0,0,-1,-1.0
421,0,-1,-1.0,0,-1,-1.0
422,0,-1,-1.0,1,212,0.954954954954955
423,0,-1,-1.0,1,192,0.8648648648648649
424,1,209,0.9414414414414415,1,172,0.7747747747747747
425,1,189,0.8513513513513513,1,152,0.6846846846846847
426,1,169,0.7612612612612613,1,132,0.5945945945945946
427,1,149,0.6711711711711712,1,112,0.5045045045045045
428,1,129,0.581081081081081,1,92,0.4144144144144144
429,1,109,0.49099099099099097,1,72,0.32432432432432434
430,1,89,0.4009009009009009,1,52,0.23423423423423423
431,1,69,0.3108108108108108,1,32,0.14414414414414414
432,1,49,0.22072072072072071,1,12,0.05405405405405406
433,1,29,0.13063063063063063,1,159,0.7162162162162162
434,1,9,0.04054054054054054,1,139,0.6261261261261262
435,1,156,0.7027027027027027,1,119,0.536036036036036
436,1,136,0.6126126126126126,1,99,0.44594594594594594
437,1,116,0.5225225225225225,1,79,0.35585585585585583
438,1,96,0.43243243243243246,1,59,0.26576576576576577
439,1,76,0.34234234234234234,1,39,0.17567567567567569
440,1,56,0.25225225225225223,1,19,0.08558558558558559
441,1,36,0.16216216216216217,0,-1,-1.0
442,1,16,0.07207207207207207,0,-1,-1.0
443,0,-1,-1.0,1,222,1.0
444,0,-1,-1.0,1,202,0.9099099099099099
445,1,26,0.11711711711711711,1,181,0.8153153153153153
446,1,6,0.02702702702702703,1,161,0.7252252252252253
447,1,155,0.6981981981981982,1,141,0.6351351351351351
448,1,135,0.6081081081081081,1,121,0.545045045045045
449,1,115,0.5180180180180181,1,101,0.45495495495495497
450,1,95,0.42792792792792794,1,81,0.36486486486486486
451,1,75,0.33783783783783783,1,61,0.2747747747747748
452,1,55,0.24774774774774774,1,41,0.18468468468468469
453,1,35,0.15765765765765766,1,21,0.0945945945945946
454,1,15,0.06756756756756757,1,1,0.0045045045045045045
455,1,199,0.8963963963963963,1,185,0.8333333333333334
456,1,179,0.8063063063063063,1,165,0.7432432432432432
457,1,159,0.7162162162162162,1,145,0.6531531531531531
458,1,139,0.6261261261261262,1,125,0.5630630630630631
459,1,119,0.536036036036036,1,105,0.47297297297297297
460,1,99,0.44594594594594594,1,85,0.38288288288288286
461,1,79,0.35585585585585583,1,65,0.2927927927927928
462,1,59,0.26576576576576577,1,45,0.20270270270270271
463,1,39,0.17567567567567569,1,25,0.11261261261261261
464,1,19,0.08558558558558559,1,5,0.02252252252252252
465,0,-1,-1.0,1,222,1.0
466,1,72,0.32432432432432434,0,-1,-1.0
467,1,52,0.23423423423423423,0,-1,-1.0
468,1,32,0.14414414414414414,0,-1,-1.0
469,1,12,0.05405405405405406,0,-1,-1.0
470,0,-1,-1.0,1,221,0.9954954954954955
471,0,-1,-1.0,1,201,0.9054054054054054
472,1,218,0.9819819819819819,1,181,0.8153153153153153
473,1,198,0.8918918918918919,1,161,0.7252252252252253
474,1,178,0.8018018018018018,1,141,0.6351351351351351
475,1,158,0.7117117117117117,1,121,0.545045045045045
476,1,138,0.6216216216216216,1,101,0.45495495495495497
477,1,118,0.5315315315315315,1,81,0.36486486486486486
478,1,98,0.44144144144144143,1,61,0.2747747747747748
479,1,78,0.35135135135135137,1,41,0.18468468468468469
480,1,58,0.26126126126126126,1,21,0.0945945945945946
481,1,38,0.17117117117117117,1,1,0.0045045045045045045
482,1,18,0.08108108108108109,0,-1,-1.0
483,0,-1,-1.0,0,-1,-1.0
484,0,-1,-1.0,0,-1,-1.0
485,0,-1,-1.0,0,-1,-1.0
486,0,-1,-1.0,1,205,0.9234234234234234
487,1,222,1.0,1,185,0.8333333333333334
488,1,202,0.9099099099099099,1,165,0.7432432432432432
489,1,182,0.8198198198198198,1,145,0.6531531531531531
490,1,162,0.7297297297297297,1,125,0.5630630630630631
491,1,142,0.6396396396396397,1,105,0.47297297297297297
492,1,122,0.5495495495495496,1,85,0.38288288288288286
493,1,102,0.4594594594594595,1,65,0.2927927927927928
494,1,82,0.36936936936936937,1,45,0.20270270270270271
495,1,62,0.27927927927927926,1,25,0.11261261261261261
496,1,42,0.1891891891891892,1,5,0.02252252252252252
497,1,22,0.0990990990990991,0,-1,-1.0
498,1,2,0.009009009009009009,0,-1,-1.0
499,0,-1,-1.0,1,206,0.9279279279279279
500,1,22,0.0990990990990991,0,-1,-1.0
501,1,2,0.009009009009009009,0,-1,-1.0
502,0,-1,-1.0,0,-1,-1.0
503,0,-1,-1.0,0,-1,-1.0
504,0,-1,-1.0,0,-1,-1.0
505,0,-1,-1.0,0,-1,-1.0
506,0,-1,-1.0,1,213,0.9594594594594594
507,1,205,0.9234234234234234,1,193,0.8693693693693694
508,1,185,0.8333333333333334,1,173,0.7792792792792793
509,1,165,0.7432432432432432,1,153,0.6891891891891891
510,1,145,0.6531531531531531,1,133,0.5990990990990991
511,1,125,0.5630630630630631,1,113,0.509009009009009
512,1,105,0.47297297297297297,1,93,0.4189189189189189
513,1,85,0.38288288288288286,1,73,0.32882882882882886
514,1,65,0.2927927927927928,1,53,0.23873873873873874
515,1,45,0.20270270270270271,1,33,0.14864864864864866
516,1,25,0.11261261261261261,1,13,0.05855855855855856
517,1,5,0.02252252252252252,1,200,0.9009009009009009
518,1,192,0.8648648648648649,1,180,0.8108108108108109
519,1,172,0.7747747747747747,1,160,0.7207207207207207
520,1,152,0.6846846846846847,1,140,0.6306306306306306
521,1,132,0.5945945945945946,1,120,0.5405405405405406
522,1,112,0.5045045045045045,1,100,0.45045045045045046
523,1,92,0.4144144144144144,1,80,0.36036036036036034
524,1,72,0.32432432432432434,1,60,0.2702702702702703
525,1,52,0.23423423423423423,1,40,0.18018018018018017
526,1,32,0.14414414414414414,1,20,0.09009009009009009
527,1,24,0.10810810810810811,1,204,0.918918918918919
528,1,4,0.018018018018018018,1,184,0.8288288288288288
529,1,177,0.7972972972972973,1,164,0.7387387387387387
530,1,157,0.7072072072072072,1,144,0.6486486486486487
531,1,137,0.6171171171171171,1,124,0.5585585585585585
532,1,117,0.527027027027027,1,104,0.46846846846846846
533,1,97,0.4369369369369369,1,84,0.3783783783783784
534,1,77,0.34684684684684686,1,64,0.2882882882882883
535,1,57,0.25675675675675674,1,44,0.1981981981981982
536,1,37,0.16666666666666666,1,24,0.10810810810810811
537,1,17,0.07657657657657657,1,4,0.018018018018018018
538,0,-1,-1.0,0,-1,-1.0
539,0,-1,-1.0,0,-1,-1.0
540,0,-1,-1.0,1,211,0.9504504504504504
541,1,204,0.918918918918919,1,191,0.8603603603603603
542,1,184,0.8288288288288288,1,171,0.7702702702702703
543,1,164,0.7387387387387387,1,151,0.6801801801801802
544,1,144,0.6486486486486487,1,131,0.5900900900900901
545,1,124,0.5585585585585585,1,111,0.5
546,1,104,0.46846846846846846,1,91,0.4099099099099099
547,1,84,0.3783783783783784,1,71,0.31981981981981983
548,1,64,0.2882882882882883,1,51,0.22972972972972974
549,1,44,0.1981981981981982,1,31,0.13963963963963963
550,1,24,0.10810810810810811,1,11,0.04954954954954955
551,1,4,0.018018018018018018,1,165,0.7432432432432432
552,1,158,0.7117117117117117,1,145,0.6531531531531531
553,1,138,0.6216216216216216,1,125,0.5630630630630631
554,1,118,0.5315315315315315,1,105,0.47297297297297297
555,1,98,0.44144144144144143,1,85,0.38288288288288286
556,1,78,0.35135135135135137,1,65,0.2927927927927928
557,1,58,0.26126126126126126,1,45,0.20270270270270271
558,1,38,0.17117117117117117,1,25,0.11261261261261261
559,1,18,0.08108108108108109,1,5,0.02252252252252252
560,0,-1,-1.0,0,-1,-1.0
561,0,-1,-1.0,1,220,0.990990990990991
562,0,-1,-1.0,1,200,0.9009009009009009
563,1,22,0.0990990990990991,0,-1,-1.0
564,1,2,0.009009009009009009,0,-1,-1.0
565,0,-1,-1.0,0,-1,-1.0
566,0,-1,-1.0,1,215,0.9684684684684685
567,1,207,0.9324324324324325,1,195,0.8783783783783784
568,1,187,0.8423423423423423,1,175,0.7882882882882883
569,1,167,0.7522522522522522,1,155,0.6981981981981982
570,1,147,0.6621621621621622,1,135,0.6081081081081081
571,1,127,0.5720720720720721,1,115,0.5180180180180181
572,1,107,0.481981981981982,1,95,0.42792792792792794
573,1,87,0.3918918918918919,1,75,0.33783783783783783
574,1,67,0.30180180180180183,1,55,0.24774774774774774
575,1,47,0.21171171171171171,1,35,0.15765765765765766
576,1,27,0.12162162162162163,1,15,0.06756756756756757
577,1,7,0.03153153153153153,0,-1,-1.0
578,0,-1,-1.0,1,213,0.9594594594594594
579,1,205,0.9234234234234234,1,193,0.8693693693693694
580,1,185,0.8333333333333334,1,173,0.7792792792792793
581,1,165,0.7432432432432432,1,153,0.6891891891891891
582,1,145,0.6531531531531531,1,133,0.5990990990990991
583,1,125,0.5630630630630631,1,113,0.509009009009009
584,1,105,0.47297297297297297,1,93,0.4189189189189189
585,1,85,0.38288288288288286,1,73,0.32882882882882886
586,1,65,0.2927927927927928,1,53,0.23873873873873874
587,1,45,0.20270270270270271,1,33,0.14864864864864866
588,1,25,0.11261261261261261,1,13,0.05855855855855856
589,1,5,0.02252252252252252,1,165,0.7432432432432432
590,1,157,0.7072072072072072,1,145,0.6531531531531531
591,1,137,0.6171171171171171,1,125,0.5630630630630631
592,1,117,0.527027027027027,1,105,0.47297297297297297
593,1,97,0.4369369369369369,1,85,0.38288288288288286
594,1,77,0.34684684684684686,1,65,0.2927927927927928
595,1,57,0.25675675675675674,1,45,0.20270270270270271
596,1,37,0.16666666666666666,1,25,0.11261261261261261
597,1,17,0.07657657657657657,1,5,0.02252252252252252
598,0,-1,-1.0,0,-1,-1.0
599,0,-1,-1.0,0,-1,-1.0
600,0,-1,-1.0,0,-1,-1.0
601,0,-1,-1.0,1,221,0.9954954954954955
602,0,-1,-1.0,1,201,0.9054054054054054
603,1,72,0.32432432432432434,0,-1,-1.0
604,1,52,0.23423423423423423,0,-1,-1.0
605,1,32,0.14414414414414414,0,-1,-1.0
606,1,12,0.05405405405405406,0,-1,-1.0
607,0,-1,-1.0,1,219,0.9864864864864865
608,0,-1,-1.0,1,199,0.8963963963963963
609,1,216,0.972972972972973,1,179,0.8063063063063063
610,1,196,0.8828828828828829,1,159,0.7162162162162162
611,1,176,0.7927927927927928,1,139,0.6261261261261262
612,1,156,0.7027027027027027,1,119,0.536036036036036
613,1,136,0.6126126126126126,1,99,0.44594594594594594
614,1,116,0.5225225225225225,1,79,0.35585585585585583
615,1,96,0.43243243243243246,1,59,0.26576576576576577
616,1,76,0.34234234234234234,1,39,0.17567567567567569
617,1,56,0.25225225225225223,1,19,0.08558558558558559
618,1,36,0.16216216216216217,1,216,0.972972972972973
619,1,16,0.07207207207207207,1,196,0.8828828828828829
620,1,213,0.9594594594594594,1,176,0.7927927927927928
621,1,193,0.8693693693693694,1,156,0.7027027027027027
622,1,173,0.7792792792792793,1,136,0.6126126126126126
623,1,153,0.6891891891891891,1,116,0.5225225225225225
624,1,133,0.5990990990990991,1,96,0.43243243243243246
625,1,113,0.509009009009009,1,76,0.34234234234234234
626,1,93,0.4189189189189189,1,56,0.25225225225225223
627,1,73,0.32882882882882886,1,36,0.16216216216216217
628,1,53,0.23873873873873874,1,16,0.07207207207207207
629,1,33,0.14864864864864866,0,-1,-1.0
630,1,13,0.05855855855855856,0,-1,-1.0
631,0,-1,-1.0,0,-1,-1.0
632,0,-1,-1.0,0,-1,-1.0
633,0,-1,-1.0,0,-1,-1.0
634,0,-1,-1.0,0,-1,-1.0
635,0,-1,-1.0,1,209,0.9414414414414415
636,0,-1,-1.0,1,189,0.8513513513513513
637,1,206,0.9279279279279279,1,169,0.7612612612612613
638,1,186,0.8378378378378378,1,149,0.6711711711711712
639,1,166,0.7477477477477478,1,129,0.581081081081081
640,1,146,0.6576576576576577,1,109,0.49099099099099097
641,1,126,0.5675675675675675,1,89,0.4009009009009009
642,1,106,0.4774774774774775,1,69,0.3108108108108108
643,1,86,0.38738738738738737,1,49,0.22072072072072071
644,1,66,0.2972972972972973,1,29,0.13063063063063063
645,1,46,0.2072072072072072,1,9,0.04054054054054054
646,1,26,0.11711711711711711,0,-1,-1.0
647,1,6,0.02702702702702703,0,-1,-1.0
648,0,-1,-1.0,0,-1,-1.0
649,0,-1,-1.0,0,-1,-1.0
650,0,-1,-1.0,1,207,0.9324324324324325
651,1,76,0.34234234234234234,0,-1,-1.0
652,1,56,0.25225225225225223,0,-1,-1.0
653,1,36,0.16216216216216217,0,-1,-1.0
654,1,16,0.07207207207207207,0,-1,-1.0
655,0,-1,-1.0,0,-1,-1.0
656,0,-1,-1.0,0,-1,-1.0
657,0,-1,-1.0,1,222,1.0
658,0,-1,-1.0,1,202,0.9099099099099099
659,1,221,0.9954954954954955,1,182,0.8198198198198198
660,1,201,0.9054054054054054,1,162,0.7297297297297297
661,1,181,0.8153153153153153,1,142,0.6396396396396397
662,1,161,0.7252252252252253,1,122,0.5495495495495496
663,1,141,0.6351351351351351,1,102,0.4594594594594595
664,1,121,0.545045045045045,1,82,0.36936936936936937
665,1,101,0.45495495495495497,1,62,0.27927927927927926
666,1,81,0.36486486486486486,1,42,0.1891891891891892
667,1,61,0.2747747747747748,1,22,0.0990990990990991
668,1,41,0.18468468468468469,1,2,0.009009009009009009
669,1,21,0.0945945945945946,1,200,0.9009009009009009
670,1,1,0.0045045045045045045,1,180,0.8108108108108109
671,1,199,0.8963963963963963,1,160,0.7207207207207207
672,1,179,0.8063063063063063,1,140,0.6306306306306306
673,1,159,0.7162162162162162,1,120,0.5405405405405406
674,1,139,0.6261261261261262,1,100,0.45045045045045046
675,1,119,0.536036036036036,1,80,0.36036036036036034
676,1,99,0.44594594594594594,1,60,0.2702702702702703
677,1,79,0.35585585585585583,1,40,0.18018018018018017
678,1,59,0.26576576576576577,1,20,0.09009009009009009
679,1,39,0.17567567567567569,1,0,0.0
680,1,19,0.08558558558558559,0,-1,-1.0
681,0,-1,-1.0,0,-1,-1.0
682,0,-1,-1.0,0,-1,-1.0
683,0,-1,-1.0,1,204,0.918918918918919
684,0,-1,-1.0,1,184,0.8288288288288288
685,1,30,0.13513513513513514,0,-1,-1.0
686,1,10,0.04504504504504504,0,-1,-1.0
687,0,-1,-1.0,1,220,0.990990990990991
688,1,216,0.972972972972973,1,200,0.9009009009009009
689,1,196,0.8828828828828829,1,180,0.8108108108108109
690,1,176,0.7927927927927928,1,160,0.7207207207207207
691,1,156,0.7027027027027027,1,140,0.6306306306306306
692,1,136,0.6126126126126126,1,120,0.5405405405405406
693,1,116,0.5225225225225225,1,100,0.45045045045045046
694,1,96,0.43243243243243246,1,80,0.36036036036036034
695,1,76,0.34234234234234234,1,60,0.2702702702702703
696,1,56,0.25225225225225223,1,40,0.18018018018018017
697,1,36,0.16216216216216217,1,20,0.09009009009009009
698,1,16,0.07207207207207207,1,0,0.0
699,0,-1,-1.0,0,-1,-1.0
700,1,222,1.0,1,206,0.9279279279279279
701,1,202,0.9099099099099099,1,186,0.8378378378378378
702,1,182,0.8198198198198198,1,166,0.7477477477477478
703,1,162,0.7297297297297297,1,146,0.6576576576576577
704,1,142,0.6396396396396397,1,126,0.5675675675675675
705,1,122,0.5495495495495496,1,106,0.4774774774774775
706,1,102,0.4594594594594595,1,86,0.38738738738738737
707,1,82,0.36936936936936937,1,66,0.2972972972972973
708,1,62,0.27927927927927926,1,46,0.2072072072072072
709,1,42,0.1891891891891892,1,26,0.11711711711711711
710,1,22,0.0990990990990991,1,6,0.02702702702702703
711,1,2,0.009009009009009009,0,-1,-1.0
712,0,-1,-1.0,1,205,0.9234234234234234
713,1,22,0.0990990990990991,0,-1,-1.0
714,1,2,0.009009009009009009,0,-1,-1.0
715,0,-1,-1.0,0,-1,-1.0
716,0,-1,-1.0,1,217,0.9774774774774775
717,1,209,0.9414414414414415,1,197,0.8873873873873874
718,1,189,0.8513513513513513,1,177,0.7972972972972973
719,1,169,0.7612612612612613,1,157,0.7072072072072072
720,1,149,0.6711711711711712,1,137,0.6171171171171171
721,1,129,0.581081081081081,1,117,0.527027027027027
722,1,109,0.49099099099099097,1,97,0.4369369369369369
723,1,89,0.4009009009009009,1,77,0.34684684684684686
724,1,69,0.3108108108108108,1,57,0.25675675675675674
725,1,49,0.22072072072072071,1,37,0.16666666666666666
726,1,29,0.13063063063063063,1,17,0.07657657657657657
727,1,9,0.04054054054054054,0,-1,-1.0
728,0,-1,-1.0,0,-1,-1.0
729,1,219,0.9864864864864865,1,207,0.9324324324324325
730,1,199,0.8963963963963963,1,187,0.8423423423423423
731,1,179,0.8063063063063063,1,167,0.7522522522522522
732,1,159,0.7162162162162162,1,147,0.6621621621621622
733,1,139,0.6261261261261262,1,127,0.5720720720720721
734,1,119,0.536036036036036,1,107,0.481981981981982
735,1,99,0.44594594594594594,1,87,0.3918918918918919
736,1,79,0.35585585585585583,1,67,0.30180180180180183
737,1,59,0.26576576576576577,1,47,0.21171171171171171
738,1,39,0.17567567567567569,1,27,0.12162162162162163
739,1,19,0.08558558558558559,1,7,0.03153153153153153
740,1,40,0.18018018018018017,0,-1,-1.0
741,1,20,0.09009009009009009,0,-1,-1.0
742,1,0,0.0,0,-1,-1.0
743,0,-1,-1.0,0,-1,-1.0
744,0,-1,-1.0,0,-1,-1.0
745,0,-1,-1.0,0,-1,-1.0
746,0,-1,-1.0,0,-1,-1.0
747,0,-1,-1.0,1,218,0.9819819819819819
748,1,219,0.9864864864864865,1,198,0.8918918918918919
749,1,199,0.8963963963963963,1,178,0.8018018018018018
750,1,179,0.8063063063063063,1,158,0.7117117117117117
751,1,159,0.7162162162162162,1,138,0.6216216216216216
752,1,139,0.6261261261261262,1,118,0.5315315315315315
753,1,119,0.536036036036036,1,98,0.44144144144144143
754,1,99,0.44594594594594594,1,78,0.35135135135135137
755,1,79,0.35585585585585583,1,58,0.26126126126126126
756,1,59,0.26576576576576577,1,38,0.17117117117117117
757,1,39,0.17567567567567569,1,18,0.08108108108108109
758,1,19,0.08558558558558559,0,-1,-1.0
759,0,-1,-1.0,1,207,0.9324324324324325
760,1,208,0.9369369369369369,1,187,0.8423423423423423
761,1,188,0.8468468468468469,1,167,0.7522522522522522
762,1,168,0.7567567567567568,1,147,0.6621621621621622
763,1,148,0.6666666666666666,1,127,0.5720720720720721
764,1,128,0.5765765765765766,1,107,0.481981981981982
765,1,108,0.4864864864864865,1,87,0.3918918918918919
766,1,88,0.3963963963963964,1,67,0.30180180180180183
767,1,68,0.3063063063063063,1,47,0.21171171171171171
768,1,48,0.21621621621621623,1,27,0.12162162162162163
769,1,28,0.12612612612612611,1,7,0.03153153153153153
770,1,8,0.036036036036036036,0,-1,-1.0
771,0,-1,-1.0,0,-1,-1.0
772,0,-1,-1.0,1,207,0.9324324324324325
773,1,208,0.9369369369369369,1,187,0.8423423423423423
774,1,188,0.8468468468468469,1,167,0.7522522522522522
775,1,168,0.7567567567567568,1,147,0.6621621621621622
776,1,148,0.6666666666666666,1,127,0.5720720720720721
777,1,128,0.5765765765765766,1,107,0.481981981981982
778,1,108,0.4864864864864865,1,87,0.3918918918918919
779,1,88,0.3963963963963964,1,67,0.30180180180180183
780,1,68,0.3063063063063063,1,47,0.21171171171171171
781,1,48,0.21621621621621623,1,27,0.12162162162162163
782,1,28,0.12612612612612611,1,7,0.03153153153153153
783,1,8,0.036036036036036036,0,-1,-1.0
784,1,72,0.32432432432432434,0,-1,-1.0
785,1,52,0.23423423423423423,1,214,0.963963963963964
786,1,32,0.14414414414414414,1,194,0.8738738738738738
787,1,12,0.05405405405405406,1,174,0.7837837837837838
788,1,191,0.8603603603603603,1,154,0.6936936936936937
789,1,171,0.7702702702702703,1,134,0.6036036036036037
790,1,151,0.6801801801801802,1,114,0.5135135135135135
791,1,131,0.5900900900900901,1,94,0.42342342342342343
792,1,111,0.5,1,74,0.3333333333333333
793,1,91,0.4099099099099099,1,54,0.24324324324324326
794,1,71,0.31981981981981983,1,34,0.15315315315315314
795,1,51,0.22972972972972974,1,14,0.06306306306306306
796,1,31,0.13963963963963963,1,184,0.8288288288288288
797,1,11,0.04954954954954955,1,164,0.7387387387387387
798,1,181,0.8153153153153153,1,144,0.6486486486486487
799,1,161,0.7252252252252253,1,124,0.5585585585585585
800,1,141,0.6351351351351351,1,104,0.46846846846846846
801,1,121,0.545045045045045,1,84,0.3783783783783784
802,1,101,0.45495495495495497,1,64,0.2882882882882883
803,1,81,0.36486486486486486,1,44,0.1981981981981982
804,1,61,0.2747747747747748,1,24,0.10810810810810811
805,1,41,0.18468468468468469,1,4,0.018018018018018018
806,1,21,0.0945945945945946,1,189,0.8513513513513513
807,1,50,0.22522522522522523,0,-1,-1.0
808,1,30,0.13513513513513514,0,-1,-1.0
809,1,10,0.04504504504504504,0,-1,-1.0
810,0,-1,-1.0,0,-1,-1.0
811,0,-1,-1.0,0,-1,-1.0
812,0,-1,-1.0,1,203,0.9144144144144144
813,1,209,0.9414414414414415,1,183,0.8243243243243243
814,1,189,0.8513513513513513,1,163,0.7342342342342343
815,1,169,0.7612612612612613,1,143,0.6441441441441441
816,1,149,0.6711711711711712,1,123,0.5540540540540541
817,1,129,0.581081081081081,1,103,0.46396396396396394
818,1,109,0.49099099099099097,1,83,0.3738738738738739
819,1,89,0.4009009009009009,1,63,0.28378378378378377
820,1,69,0.3108108108108108,1,43,0.19369369369369369
821,1,49,0.22072072072072071,1,23,0.1036036036036036
822,1,29,0.13063063063063063,1,3,0.013513513513513514
823,1,9,0.04054054054054054,0,-1,-1.0
824,0,-1,-1.0,1,216,0.972972972972973
825,1,222,1.0,1,196,0.8828828828828829
826,1,202,0.9099099099099099,1,176,0.7927927927927928
827,1,182,0.8198198198198198,1,156,0.7027027027027027
828,1,162,0.7297297297297297,1,136,0.6126126126126126
829,1,142,0.6396396396396397,1,116,0.5225225225225225
830,1,122,0.5495495495495496,1,96,0.43243243243243246
831,1,102,0.4594594594594595,1,76,0.34234234234234234
832,1,82,0.36936936936936937,1,56,0.25225225225225223
833,1,62,0.27927927927927926,1,36,0.16216216216216217
834,1,42,0.1891891891891892,1,16,0.07207207207207207
835,1,22,0.0990990990990991,1,216,0.972972972972973
836,1,76,0.34234234234234234,0,-1,-1.0
837,1,56,0.25225225225225223,0,-1,-1.0
838,1,36,0.16216216216216217,0,-1,-1.0
839,1,16,0.07207207207207207,0,-1,-1.0
840,0,-1,-1.0,0,-1,-1.0
841,0,-1,-1.0,0,-1,-1.0
842,0,-1,-1.0,0,-1,-1.0
843,0,-1,-1.0,0,-1,-1.0
844,0,-1,-1.0,1,207,0.9324324324324325
845,0,-1,-1.0,1,187,0.8423423423423423
846,1,206,0.9279279279279279,1,167,0.7522522522522522
847,1,186,0.8378378378378378,1,147,0.6621621621621622
848,1,166,0.7477477477477478,1,127,0.5720720720720721
849,1,146,0.6576576576576577,1,107,0.481981981981982
850,1,126,0.5675675675675675,1,87,0.3918918918918919
851,1,106,0.4774774774774775,1,67,0.30180180180180183
852,1,86,0.38738738738738737,1,47,0.21171171171171171
853,1,66,0.2972972972972973,1,27,0.12162162162162163
854,1,46,0.2072072072072072,1,7,0.03153153153153153
855,1,26,0.11711711711711711,0,-1,-1.0
856,1,6,0.02702702702702703,0,-1,-1.0
857,0,-1,-1.0,0,-1,-1.0
858,0,-1,-1.0,0,-1,-1.0
859,0,-1,-1.0,1,221,0.9954954954954955
860,0,-1,-1.0,1,201,0.9054054054054054
861,1,220,0.990990990990991,1,181,0.8153153153153153
862,1,200,0.9009009009009009,1,161,0.7252252252252253
863,1,180,0.8108108108108109,1,141,0.6351351351351351
864,1,160,0.7207207207207207,1,121,0.545045045045045
865,1,140,0.6306306306306306,1,101,0.45495495495495497
866,1,120,0.5405405405405406,1,81,0.36486486486486486
867,1,100,0.45045045045045046,1,61,0.2747747747747748
868,1,80,0.36036036036036034,1,41,0.18468468468468469
869,1,60,0.2702702702702703,1,21,0.0945945945945946
870,1,40,0.18018018018018017,1,1,0.0045045045045045045
871,1,20,0.09009009009009009,1,178,0.8018018018018018
872,1,0,0.0,1,158,0.7117117117117117
873,1,177,0.7972972972972973,1,138,0.6216216216216216
874,1,157,0.7072072072072072,1,118,0.5315315315315315
875,1,137,0.6171171171171171,1,98,0.44144144144144143
876,1,117,0.527027027027027,1,78,0.35135135135135137
877,1,97,0.4369369369369369,1,58,0.26126126126126126
878,1,77,0.34684684684684686,1,38,0.17117117117117117
879,1,57,0.25675675675675674,1,18,0.08108108108108109
880,1,37,0.16666666666666666,0,-1,-1.0
881,1,17,0.07657657657657657,0,-1,-1.0
882,0,-1,-1.0,0,-1,-1.0
883,0,-1,-1.0,0,-1,-1.0
884,0,-1,-1.0,0,-1,-1.0
885,1,68,0.3063063063063063,0,-1,-1.0
886,1,48,0.21621621621621623,0,-1,-1.0
887,1,28,0.12612612612612611,0,-1,-1.0
888,1,8,0.036036036036036036,0,-1,-1.0
889,0,-1,-1.0,0,-1,-1.0
890,0,-1,-1.0,0,-1,-1.0
891,0,-1,-1.0,0,-1,-1.0
892,0,-1,-1.0,0,-1,-1.0
893,0,-1,-1.0,0,-1,-1.0
894,0,-1,-1.0,1,207,0.9324324324324325
895,1,222,1.0,1,187,0.8423423423423423
896,1,202,0.9099099099099099,1,167,0.7522522522522522
897,1,182,0.8198198198198198,1,147,0.6621621621621622
898,1,162,0.7297297297297297,1,127,0.5720720720720721
899,1,142,0.6396396396396397,1,107,0.481981981981982
900,1,122,0.5495495495495496,1,87,0.3918918918918919
901,1,102,0.4594594594594595,1,67,0.30180180180180183
902,1,82,0.36936936936936937,1,47,0.21171171171171171
903,1,62,0.27927927927927926,1,27,0.12162162162162163
904,1,42,0.1891891891891892,1,7,0.03153153153153153
905,1,22,0.0990990990990991,1,188,0.8468468468468469
906,1,2,0.009009009009009009,1,168,0.7567567567567568
907,1,183,0.8243243243243243,1,148,0.6666666666666666
908,1,163,0.7342342342342343,1,128,0.5765765765765766
909,1,143,0.6441441441441441,1,108,0.4864864864864865
910,1,123,0.5540540540540541,1,88,0.3963963963963964
911,1,103,0.46396396396396394,1,68,0.3063063063063063
912,1,83,0.3738738738738739,1,48,0.21621621621621623
913,1,63,0.28378378378378377,1,28,0.12612612612612611
914,1,43,0.19369369369369369,1,8,0.036036036036036036
915,1,23,0.1036036036036036,1,166,0.7477477477477478
916,1,3,0.013513513513513514,1,146,0.6576576576576577
917,1,161,0.7252252252252253,1,126,0.5675675675675675
918,1,141,0.6351351351351351,1,106,0.4774774774774775
919,1,121,0.545045045045045,1,86,0.38738738738738737
920,1,101,0.45495495495495497,1,66,0.2972972972972973
921,1,81,0.36486486486486486,1,46,0.2072072072072072
922,1,61,0.2747747747747748,1,26,0.11711711711711711
923,1,41,0.18468468468468469,1,6,0.02702702702702703
924,1,21,0.0945945945945946,0,-1,-1.0
925,1,1,0.0045045045045045045,0,-1,-1.0
926,0,-1,-1.0,1,219,0.9864864864864865
927,1,52,0.23423423423423423,0,-1,-1.0
928,1,32,0.14414414414414414,0,-1,-1.0
929,1,12,0.05405405405405406,0,-1,-1.0
930,0,-1,-1.0,1,221,0.9954954954954955
931,0,-1,-1.0,1,201,0.9054054054054054
932,1,208,0.9369369369369369,1,181,0.8153153153153153
933,1,188,0.8468468468468469,1,161,0.7252252252252253
934,1,168,0.7567567567567568,1,141,0.6351351351351351
935,1,148,0.6666666666666666,1,121,0.545045045045045
936,1,128,0.5765765765765766,1,101,0.45495495495495497
937,1,108,0.4864864864864865,1,81,0.36486486486486486
938,1,88,0.3963963963963964,1,61,0.2747747747747748
939,1,68,0.3063063063063063,1,41,0.18468468468468469
940,1,48,0.21621621621621623,1,21,0.0945945945945946
941,1,28,0.12612612612612611,1,1,0.0045045045045045045
942,1,8,0.036036036036036036,0,-1,-1.0
943,0,-1,-1.0,0,-1,-1.0
944,0,-1,-1.0,0,-1,-1.0
945,0,-1,-1.0,0,-1,-1.0
946,0,-1,-1.0,0,-1,-1.0
947,0,-1,-1.0,1,205,0.9234234234234234
948,1,212,0.954954954954955,1,185,0.8333333333333334
949,1,192,0.8648648648648649,1,165,0.7432432432432432
950,1,172,0.7747747747747747,1,145,0.6531531531531531
951,1,152,0.6846846846846847,1,125,0.5630630630630631
952,1,132,0.5945945945945946,1,105,0.47297297297297297
953,1,112,0.5045045045045045,1,85,0.38288288288288286
954,1,92,0.4144144144144144,1,65,0.2927927927927928
955,1,72,0.32432432432432434,1,45,0.20270270270270271
956,1,52,0.23423423423423423,1,25,0.11261261261261261
957,1,32,0.14414414414414414,1,5,0.02252252252252252
958,1,12,0.05405405405405406,1,213,0.9594594594594594
959,1,74,0.3333333333333333,0,-1,-1.0
960,1,54,0.24324324324324326,0,-1,-1.0
961,1,34,0.15315315315315314,0,-1,-1.0
962,1,14,0.06306306306306306,0,-1,-1.0
963,0,-1,-1.0,1,206,0.9279279279279279
964,0,-1,-1.0,1,186,0.8378378378378378
965,1,204,0.918918918918919,1,166,0.7477477477477478
966,1,184,0.8288288288288288,1,146,0.6576576576576577
967,1,164,0.7387387387387387,1,126,0.5675675675675675
968,1,144,0.6486486486486487,1,106,0.4774774774774775
969,1,124,0.5585585585585585,1,86,0.38738738738738737
970,1,104,0.46846846846846846,1,66,0.2972972972972973
971,1,84,0.3783783783783784,1,46,0.2072072072072072
972,1,64,0.2882882882882883,1,26,0.11711711711711711
973,1,44,0.1981981981981982,1,6,0.02702702702702703
974,1,24,0.10810810810810811,1,179,0.8063063063063063
975,1,4,0.018018018018018018,1,159,0.7162162162162162
976,1,177,0.7972972972972973,1,139,0.6261261261261262
977,1,157,0.7072072072072072,1,119,0.536036036036036
978,1,137,0.6171171171171171,1,99,0.44594594594594594
979,1,117,0.527027027027027,1,79,0.35585585585585583
980,1,97,0.4369369369369369,1,59,0.26576576576576577
981,1,77,0.34684684684684686,1,39,0.17567567567567569
982,1,57,0.25675675675675674,1,19,0.08558558558558559
983,1,37,0.16666666666666666,1,203,0.9144144144144144
984,1,17,0.07657657657657657,1,183,0.8243243243243243
985,1,60,0.2702702702702703,0,-1,-1.0
986,1,40,0.18018018018018017,0,-1,-1.0
987,1,20,0.09009009009009009,0,-1,-1.0
988,1,0,0.0,0,-1,-1.0
989,0,-1,-1.0,0,-1,-1.0
990,0,-1,-1.0,0,-1,-1.0
991,0,-1,-1.0,1,211,0.9504504504504504
992,1,222,1.0,1,191,0.8603603603603603
993,1,202,0.9099099099099099,1,171,0.7702702702702703
994,1,182,0.8198198198198198,1,151,0.6801801801801802
995,1,162,0.7297297297297297,1,131,0.5900900900900901
996,1,142,0.6396396396396397,1,111,0.5
997,1,122,0.5495495495495496,1,91,0.4099099099099099
998,1,102,0.4594594594594595,1,71,0.31981981981981983
999,1,82,0.36936936936936937,1,51,0.22972972972972974
1000,1,62,0.27927927927927926,1,31,0.13963963963963963
1001,1,42,0.1891891891891892,1,11,0.04954954954954955
1002,1,22,0.0990990990990991,1,203,0.9144144144144144
1003,1,2,0.009009009009009009,1,183,0.8243243243243243
1004,1,194,0.8738738738738738,1,163,0.7342342342342343
1005,1,174,0.7837837837837838,1,143,0.6441441441441441
1006,1,154,0.6936936936936937,1,123,0.5540540540540541
1007,1,134,0.6036036036036037,1,103,0.46396396396396394
1008,1,114,0.5135135135135135,1,83,0.3738738738738739
1009,1,94,0.42342342342342343,1,63,0.28378378378378377
1010,1,74,0.3333333333333333,1,43,0.19369369369369369
1011,1,54,0.24324324324324326,1,23,0.1036036036036036
1012,1,34,0.15315315315315314,1,3,0.013513513513513514
1013,1,14,0.06306306306306306,0,-1,-1.0
1014,0,-1,-1.0,0,-1,-1.0
1015,0,-1,-1.0,0,-1,-1.0
1016,0,-1,-1.0,0,-1,-1.0
1017,0,-1,-1.0,0,-1,-1.0
1018,0,-1,-1.0,0,-1,-1.0
1019,0,-1,-1.0,1,205,0.9234234234234234
1020,1,216,0.972972972972973,1,185,0.8333333333333334
1021,1,196,0.8828828828828829,1,165,0.7432432432432432
1022,1,176,0.7927927927927928,1,145,0.6531531531531531
1023,1,156,0.7027027027027027,1,125,0.5630630630630631
1024,1,136,0.6126126126126126,1,105,0.47297297297297297
1025,1,116,0.5225225225225225,1,85,0.38288288288288286
1026,1,96,0.43243243243243246,1,65,0.2927927927927928
1027,1,76,0.34234234234234234,1,45,0.20270270270270271
1028,1,56,0.25225225225225223,1,25,0.11261261261261261
1029,1,36,0.16216216216216217,1,5,0.02252252252252252
1030,1,16,0.07207207207207207,0,-1,-1.0
1031,0,-1,-1.0,0,-1,-1.0
1032,0,-1,-1.0,1,215,0.9684684684684685
1033,1,30,0.13513513513513514,0,-1,-1.0
1034,1,10,0.04504504504504504,0,-1,-1.0
1035,0,-1,-1.0,0,-1,-1.0
1036,0,-1,-1.0,0,-1,-1.0
1037,0,-1,-1.0,0,-1,-1.0
1038,1,221,0.9954954954954955,1,205,0.9234234234234234
1039,1,201,0.9054054054054054,1,185,0.8333333333333334
1040,1,181,0.8153153153153153,1,165,0.7432432432432432
1041,1,161,0.7252252252252253,1,145,0.6531531531531531
1042,1,141,0.6351351351351351,1,125,0.5630630630630631
1043,1,121,0.545045045045045,1,105,0.47297297297297297
1044,1,101,0.45495495495495497,1,85,0.38288288288288286
1045,1,81,0.36486486486486486,1,65,0.2927927927927928
1046,1,61,0.2747747747747748,1,45,0.20270270270270271
1047,1,41,0.18468468468468469,1,25,0.11261261261261261
1048,1,21,0.0945945945945946,1,5,0.02252252252252252
1049,1,1,0.0045045045045045045,1,221,0.9954954954954955
1050,1,217,0.9774774774774775,1,201,0.9054054054054054
1051,1,197,0.8873873873873874,1,181,0.8153153153153153
1052,1,177,0.7972972972972973,1,161,0.7252252252252253
1053,1,157,0.7072072072072072,1,141,0.6351351351351351
1054,1,137,0.6171171171171171,1,121,0.545045045045045
1055,1,117,0.527027027027027,1,101,0.45495495495495497
1056,1,97,0.4369369369369369,1,81,0.36486486486486486
1057,1,77,0.34684684684684686,1,61,0.2747747747747748
1058,1,57,0.25675675675675674,1,41,0.18468468468468469
1059,1,37,0.16666666666666666,1,21,0.0945945945945946
1060,1,17,0.07657657657657657,1,1,0.0045045045045045045
1061,1,210,0.9459459459459459,1,194,0.8738738738738738
1062,1,190,0.8558558558558559,1,174,0.7837837837837838
1063,1,170,0.7657657657657657,1,154,0.6936936936936937
1064,1,150,0.6756756756756757,1,134,0.6036036036036037
1065,1,130,0.5855855855855856,1,114,0.5135135135135135
1066,1,110,0.4954954954954955,1,94,0.42342342342342343
1067,1,90,0.40540540540540543,1,74,0.3333333333333333
1068,1,70,0.3153153153153153,1,54,0.24324324324324326
1069,1,50,0.22522522522522523,1,34,0.15315315315315314
1070,1,30,0.13513513513513514,1,14,0.06306306306306306
1071,1,10,0.04504504504504504,0,-1,-1.0
1072,0,-1,-1.0,0,-1,-1.0
1073,0,-1,-1.0,0,-1,-1.0
1074,0,-1,-1.0,0,-1,-1.0
1075,0,-1,-1.0,0,-1,-1.0
1076,0,-1,-1.0,1,207,0.9324324324324325
1077,1,20,0.09009009009009009,1,162,0.7297297297297297
1078,1,0,0.0,1,142,0.6396396396396397
1079,1,133,0.5990990990990991,1,122,0.5495495495495496
1080,1,113,0.509009009009009,1,102,0.4594594594594595
1081,1,93,0.4189189189189189,1,82,0.36936936936936937
1082,1,73,0.32882882882882886,1,62,0.27927927927927926
1083,1,53,0.23873873873873874,1,42,0.1891891891891892
1084,1,33,0.14864864864864866,1,22,0.0990990990990991
1085,1,13,0.05855855855855856,1,2,0.009009009009009009
1086,1,199,0.8963963963963963,1,188,0.8468468468468469
1087,1,179,0.8063063063063063,1,168,0.7567567567567568
1088,1,159,0.7162162162162162,1,148,0.6666666666666666
1089,1,139,0.6261261261261262,1,128,0.5765765765765766
1090,1,119,0.536036036036036,1,108,0.4864864864864865
1091,1,99,0.44594594594594594,1,88,0.3963963963963964
1092,1,79,0.35585585585585583,1,68,0.3063063063063063
1093,1,59,0.26576576576576577,1,48,0.21621621621621623
1094,1,39,0.17567567567567569,1,28,0.12612612612612611
1095,1,19,0.08558558558558559,1,8,0.036036036036036036
1096,1,68,0.3063063063063063,0,-1,-1.0
1097,1,48,0.21621621621621623,0,-1,-1.0
1098,1,28,0.12612612612612611,1,207,0.9324324324324325
1099,1,8,0.036036036036036036,1,187,0.8423423423423423
1100,1,202,0.9099099099099099,1,167,0.7522522522522522
1101,1,182,0.8198198198198198,1,147,0.6621621621621622
1102,1,162,0.7297297297297297,1,127,0.5720720720720721
1103,1,142,0.6396396396396397,1,107,0.481981981981982
1104,1,122,0.5495495495495496,1,87,0.3918918918918919
1105,1,102,0.4594594594594595,1,67,0.30180180180180183
1106,1,82,0.36936936936936937,1,47,0.21171171171171171
1107,1,62,0.27927927927927926,1,27,0.12162162162162163
1108,1,42,0.1891891891891892,1,7,0.03153153153153153
1109,1,22,0.0990990990990991,0,-1,-1.0
1110,1,2,0.009009009009009009,0,-1,-1.0
1111,0,-1,-1.0,1,218,0.9819819819819819
1112,0,-1,-1.0,1,198,0.8918918918918919
1113,1,213,0.9594594594594594,1,178,0.8018018018018018
1114,1,193,0.8693693693693694,1,158,0.7117117117117117
1115,1,173,0.7792792792792793,1,138,0.6216216216216216
1116,1,153,0.6891891891891891,1,118,0.5315315315315315
1117,1,133,0.5990990990990991,1,98,0.44144144144144143
1118,1,113,0.509009009009009,1,78,0.35135135135135137
1119,1,93,0.4189189189189189,1,58,0.26126126126126126
1120,1,73,0.32882882882882886,1,38,0.17117117117117117
1121,1,53,0.23873873873873874,1,18,0.08108108108108109
1122,1,33,0.14864864864864866,1,192,0.8648648648648649
1123,1,30,0.13513513513513514,0,-1,-1.0
1124,1,10,0.04504504504504504,0,-1,-1.0
1125,0,-1,-1.0,1,215,0.9684684684684685
1126,1,211,0.9504504504504504,1,195,0.8783783783783784
1127,1,191,0.8603603603603603,1,175,0.7882882882882883
1128,1,171,0.7702702702702703,1,155,0.6981981981981982
1129,1,151,0.6801801801801802,1,135,0.6081081081081081
1130,1,131,0.5900900900900901,1,115,0.5180180180180181
1131,1,111,0.5,1,95,0.42792792792792794
1132,1,91,0.4099099099099099,1,75,0.33783783783783783
1133,1,71,0.31981981981981983,1,55,0.24774774774774774
1134,1,51,0.22972972972972974,1,35,0.15765765765765766
1135,1,31,0.13963963963963963,1,15,0.06756756756756757
1136,1,11,0.04954954954954955,0,-1,-1.0
1137,0,-1,-1.0,0,-1,-1.0
1138,0,-1,-1.0,1,218,0.9819819819819819
1139,1,214,0.963963963963964,1,198,0.8918918918918919
1140,1,194,0.8738738738738738,1,178,0.8018018018018018
1141,1,174,0.7837837837837838,1,158,0.7117117117117117
1142,1,154,0.6936936936936937,1,138,0.6216216216216216
1143,1,134,0.6036036036036037,1,118,0.5315315315315315
1144,1,114,0.5135135135135135,1,98,0.44144144144144143
1145,1,94,0.42342342342342343,1,78,0.35135135135135137
1146,1,74,0.3333333333333333,1,58,0.26126126126126126
1147,1,54,0.24324324324324326,1,38,0.17117117117117117
1148,1,34,0.15315315315315314,1,18,0.08108108108108109
1149,1,14,0.06306306306306306,0,-1,-1.0
1150,0,-1,-1.0,0,-1,-1.0
1151,0,-1,-1.0,1,216,0.972972972972973
1152,1,212,0.954954954954955,1,196,0.8828828828828829
1153,1,192,0.8648648648648649,1,176,0.7927927927927928
1154,1,172,0.7747747747747747,1,156,0.7027027027027027
1155,1,152,0.6846846846846847,1,136,0.6126126126126126
1156,1,132,0.5945945945945946,1,116,0.5225225225225225
1157,1,112,0.5045045045045045,1,96,0.43243243243243246
1158,1,92,0.4144144144144144,1,76,0.34234234234234234
1159,1,72,0.32432432432432434,1,56,0.25225225225225223
1160,1,52,0.23423423423423423,1,36,0.16216216216216217
1161,1,32,0.14414414414414414,1,16,0.07207207207207207
1162,1,12,0.05405405405405406,0,-1,-1.0
1163,0,-1,-1.0,1,215,0.9684684684684685
1164,1,48,0.21621621621621623,0,-1,-1.0
1165,1,28,0.12612612612612611,0,-1,-1.0
1166,1,8,0.036036036036036036,0,-1,-1.0
1167,0,-1,-1.0,0,-1,-1.0
1168,0,-1,-1.0,0,-1,-1.0
1169,0,-1,-1.0,1,208,0.9369369369369369
1170,1,213,0.9594594594594594,1,188,0.8468468468468469
1171,1,193,0.8693693693693694,1,168,0.7567567567567568
1172,1,173,0.7792792792792793,1,148,0.6666666666666666
1173,1,153,0.6891891891891891,1,128,0.5765765765765766
1174,1,133,0.5990990990990991,1,108,0.4864864864864865
1175,1,113,0.509009009009009,1,88,0.3963963963963964
1176,1,93,0.4189189189189189,1,68,0.3063063063063063
1177,1,73,0.32882882882882886,1,48,0.21621621621621623
1178,1,53,0.23873873873873874,1,28,0.12612612612612611
1179,1,33,0.14864864864864866,1,8,0.036036036036036036
1180,1,13,0.05855855855855856,1,201,0.9054054054054054
1181,1,206,0.9279279279279279,1,181,0.8153153153153153
1182,1,186,0.8378378378378378,1,161,0.7252252252252253
1183,1,166,0.7477477477477478,1,141,0.6351351351351351
1184,1,146,0.6576576576576577,1,121,0.545045045045045
1185,1,126,0.5675675675675675,1,101,0.45495495495495497
1186,1,106,0.4774774774774775,1,81,0.36486486486486486
1187,1,86,0.38738738738738737,1,61,0.2747747747747748
1188,1,66,0.2972972972972973,1,41,0.18468468468468469
1189,1,46,0.2072072072072072,1,21,0.0945945945945946
1190,1,26,0.11711711711711711,1,1,0.0045045045045045045
1191,1,6,0.02702702702702703,0,-1,-1.0
1192,0,-1,-1.0,1,215,0.9684684684684685
1193,0,-1,-1.0,1,195,0.8783783783783784
1194,1,28,0.12612612612612611,1,174,0.7837837837837838
1195,1,8,0.036036036036036036,1,154,0.6936936936936937
1196,1,149,0.6711711711711712,1,134,0.6036036036036037
1197,1,129,0.581081081081081,1,114,0.5135135135135135
1198,1,109,0.49099099099099097,1,94,0.42342342342342343
1199,1,89,0.4009009009009009,1,74,0.3333333333333333
1200,1,69,0.3108108108108108,1,54,0.24324324324324326
1201,1,49,0.22072072072072071,1,34,0.15315315315315314
1202,1,29,0.13063063063063063,1,14,0.06306306306306306
1203,1,9,0.04054054054054054,1,217,0.9774774774774775
1204,1,212,0.954954954954955,1,197,0.8873873873873874
1205,1,192,0.8648648648648649,1,177,0.7972972972972973
1206,1,172,0.7747747747747747,1,157,0.7072072072072072
1207,1,152,0.6846846846846847,1,137,0.6171171171171171
1208,1,132,0.5945945945945946,1,117,0.527027027027027
1209,1,112,0.5045045045045045,1,97,0.4369369369369369
1210,1,92,0.4144144144144144,1,77,0.34684684684684686
1211,1,72,0.32432432432432434,1,57,0.25675675675675674
1212,1,52,0.23423423423423423,1,37,0.16666666666666666
1213,1,32,0.14414414414414414,1,17,0.07657657657657657
1214,1,12,0.05405405405405406,1,220,0.990990990990991
1215,0,-1,-1.0,1,200,0.9009009009009009
1216,0,-1,-1.0,1,180,0.8108108108108109
1217,1,70,0.3153153153153153,0,-1,-1.0
1218,1,50,0.22522522522522523,0,-1,-1.0
1219,1,30,0.13513513513513514,1,211,0.9504504504504504
1220,1,10,0.04504504504504504,1,191,0.8603603603603603
1221,1,207,0.9324324324324325,1,171,0.7702702702702703
1222,1,187,0.8423423423423423,1,151,0.6801801801801802
1223,1,167,0.7522522522522522,1,131,0.5900900900900901
1224,1,147,0.6621621621621622,1,111,0.5
1225,1,127,0.5720720720720721,1,91,0.4099099099099099
1226,1,107,0.481981981981982,1,71,0.31981981981981983
1227,1,87,0.3918918918918919,1,51,0.22972972972972974
1228,1,67,0.30180180180180183,1,31,0.13963963963963963
1229,1,47,0.21171171171171171,1,11,0.04954954954954955
1230,1,27,0.12162162162162163,0,-1,-1.0
1231,1,7,0.03153153153153153,0,-1,-1.0
1232,0,-1,-1.0,1,205,0.9234234234234234
1233,1,221,0.9954954954954955,1,185,0.8333333333333334
1234,1,201,0.9054054054054054,1,165,0.7432432432432432
1235,1,181,0.8153153153153153,1,145,0.6531531531531531
1236,1,161,0.7252252252252253,1,125,0.5630630630630631
1237,1,141,0.6351351351351351,1,105,0.47297297297297297
1238,1,121,0.545045045045045,1,85,0.38288288288288286
1239,1,101,0.45495495495495497,1,65,0.2927927927927928
1240,1,81,0.36486486486486486,1,45,0.20270270270270271
1241,1,61,0.2747747747747748,1,25,0.11261261261261261
1242,1,41,0.18468468468468469,1,5,0.02252252252252252
1243,1,21,0.0945945945945946,0,-1,-1.0
1244,1,1,0.0045045045045045045,0,-1,-1.0
1245,0,-1,-1.0,0,-1,-1.0
1246,0,-1,-1.0,1,212,0.954954954954955
1247,0,-1,-1.0,1,192,0.8648648648648649
1248,1,28,0.12612612612612611,1,204,0.918918918918919
1249,1,8,0.036036036036036036,1,184,0.8288288288288288
1250,1,179,0.8063063063063063,1,164,0.7387387387387387
1251,1,159,0.7162162162162162,1,144,0.6486486486486487
1252,1,139,0.6261261261261262,1,124,0.5585585585585585
1253,1,119,0.536036036036036,1,104,0.46846846846846846
1254,1,99,0.44594594594594594,1,84,0.3783783783783784
1255,1,79,0.35585585585585583,1,64,0.2882882882882883
1256,1,59,0.26576576576576577,1,44,0.1981981981981982
1257,1,39,0.17567567567567569,1,24,0.10810810810810811
1258,1,19,0.08558558558558559,1,4,0.018018018018018018
1259,0,-1,-1.0,1,221,0.9954954954954955
1260,1,216,0.972972972972973,1,201,0.9054054054054054
1261,1,196,0.8828828828828829,1,181,0.8153153153153153
1262,1,176,0.7927927927927928,1,161,0.7252252252252253
1263,1,156,0.7027027027027027,1,141,0.6351351351351351
1264,1,136,0.6126126126126126,1,121,0.545045045045045
1265,1,116,0.5225225225225225,1,101,0.45495495495495497
1266,1,96,0.43243243243243246,1,81,0.36486486486486486
1267,1,76,0.34234234234234234,1,61,0.2747747747747748
1268,1,56,0.25225225225225223,1,41,0.18468468468468469
1269,1,36,0.16216216216216217,1,21,0.0945945945945946
1270,1,16,0.07207207207207207,1,1,0.0045045045045045045
1271,0,-1,-1.0,0,-1,-1.0
1272,0,-1,-1.0,0,-1,-1.0
1273,0,-1,-1.0,0,-1,-1.0
1274,1,24,0.10810810810810811,0,-1,-1.0
1275,1,4,0.018018018018018018,0,-1,-1.0
1276,0,-1,-1.0,0,-1,-1.0
1277,0,-1,-1.0,0,-1,-1.0
1278,1,222,1.0,1,209,0.9414414414414415
1279,1,202,0.9099099099099099,1,189,0.8513513513513513
1280,1,182,0.8198198198198198,1,169,0.7612612612612613
1281,1,162,0.7297297297297297,1,149,0.6711711711711712
1282,1,142,0.6396396396396397,1,129,0.581081081081081
1283,1,122,0.5495495495495496,1,109,0.49099099099099097
1284,1,102,0.4594594594594595,1,89,0.4009009009009009
1285,1,82,0.36936936936936937,1,69,0.3108108108108108
1286,1,62,0.27927927927927926,1,49,0.22072072072072071
1287,1,42,0.1891891891891892,1,29,0.13063063063063063
1288,1,22,0.0990990990990991,1,9,0.04054054054054054
1289,1,2,0.009009009009009009,0,-1,-1.0
1290,0,-1,-1.0,0,-1,-1.0
1291,0,-1,-1.0,1,220,0.990990990990991
1292,1,213,0.9594594594594594,1,200,0.9009009009009009
1293,1,193,0.8693693693693694,1,180,0.8108108108108109
1294,1,173,0.7792792792792793,1,160,0.7207207207207207
1295,1,153,0.6891891891891891,1,140,0.6306306306306306
1296,1,133,0.5990990990990991,1,120,0.5405405405405406
1297,1,113,0.509009009009009,1,100,0.45045045045045046
1298,1,93,0.4189189189189189,1,80,0.36036036036036034
1299,1,73,0.32882882882882886,1,60,0.2702702702702703
1300,1,53,0.23873873873873874,1,40,0.18018018018018017
1301,1,33,0.14864864864864866,1,20,0.09009009009009009
1302,1,13,0.05855855855855856,1,0,0.0
1303,1,185,0.8333333333333334,1,172,0.7747747747747747
1304,1,165,0.7432432432432432,1,152,0.6846846846846847
1305,1,145,0.6531531531531531,1,132,0.5945945945945946
1306,1,125,0.5630630630630631,1,112,0.5045045045045045
1307,1,105,0.47297297297297297,1,92,0.4144144144144144
1308,1,85,0.38288288288288286,1,72,0.32432432432432434
1309,1,65,0.2927927927927928,1,52,0.23423423423423423
1310,1,45,0.20270270270270271,1,32,0.14414414414414414
1311,1,25,0.11261261261261261,1,12,0.05405405405405406
1312,1,5,0.02252252252252252,1,216,0.972972972972973
1313,0,-1,-1.0,1,196,0.8828828828828829
1314,1,28,0.12612612612612611,1,212,0.954954954954955
1315,1,8,0.036036036036036036,1,192,0.8648648648648649
1316,1,187,0.8423423423423423,1,172,0.7747747747747747
1317,1,167,0.7522522522522522,1,152,0.6846846846846847
1318,1,147,0.6621621621621622,1,132,0.5945945945945946
1319,1,127,0.5720720720720721,1,112,0.5045045045045045
1320,1,107,0.481981981981982,1,92,0.4144144144144144
1321,1,87,0.3918918918918919,1,72,0.32432432432432434
1322,1,67,0.30180180180180183,1,52,0.23423423423423423
1323,1,47,0.21171171171171171,1,32,0.14414414414414414
1324,1,27,0.12162162162162163,1,12,0.05405405405405406
1325,1,7,0.03153153153153153,1,160,0.7207207207207207
1326,1,155,0.6981981981981982,1,140,0.6306306306306306
1327,1,135,0.6081081081081081,1,120,0.5405405405405406
1328,1,115,0.5180180180180181,1,100,0.45045045045045046
1329,1,95,0.42792792792792794,1,80,0.36036036036036034
1330,1,75,0.33783783783783783,1,60,0.2702702702702703
1331,1,55,0.24774774774774774,1,40,0.18018018018018017
1332,1,35,0.15765765765765766,1,20,0.09009009009009009
1333,1,15,0.06756756756756757,1,0,0.0
1334,0,-1,-1.0,0,-1,-1.0
1335,0,-1,-1.0,0,-1,-1.0
1336,0,-1,-1.0,0,-1,-1.0
1337,0,-1,-1.0,1,219,0.9864864864864865
1338,0,-1,-1.0,1,199,0.8963963963963963
1339,1,44,0.1981981981981982,1,193,0.8693693693693694
1340,1,24,0.10810810810810811,1,173,0.7792792792792793
1341,1,4,0.018018018018018018,1,153,0.6891891891891891
1342,1,156,0.7027027027027027,1,133,0.5990990990990991
1343,1,136,0.6126126126126126,1,113,0.509009009009009
1344,1,116,0.5225225225225225,1,93,0.4189189189189189
1345,1,96,0.43243243243243246,1,73,0.32882882882882886
1346,1,76,0.34234234234234234,1,53,0.23873873873873874
1347,1,56,0.25225225225225223,1,33,0.14864864864864866
1348,1,36,0.16216216216216217,1,13,0.05855855855855856
1349,1,16,0.07207207207207207,0,-1,-1.0
1350,0,-1,-1.0,1,222,1.0
1351,0,-1,-1.0,1,202,0.9099099099099099
1352,1,205,0.9234234234234234,1,182,0.8198198198198198
1353,1,185,0.8333333333333334,1,162,0.7297297297297297
1354,1,165,0.7432432432432432,1,142,0.6396396396396397
1355,1,145,0.6531531531531531,1,122,0.5495495495495496
1356,1,125,0.5630630630630631,1,102,0.4594594594594595
1357,1,105,0.47297297297297297,1,82,0.36936936936936937
1358,1,85,0.38288288288288286,1,62,0.27927927927927926
1359,1,65,0.2927927927927928,1,42,0.1891891891891892
1360,1,45,0.20270270270270271,1,22,0.0990990990990991
1361,1,25,0.11261261261261261,1,2,0.009009009009009009
1362,1,5,0.02252252252252252,0,-1,-1.0
1363,0,-1,-1.0,0,-1,-1.0
1364,0,-1,-1.0,1,208,0.9369369369369369
1365,1,72,0.32432432432432434,0,-1,-1.0
1366,1,52,0.23423423423423423,0,-1,-1.0
1367,1,32,0.14414414414414414,0,-1,-1.0
1368,1,12,0.05405405405405406,1,219,0.9864864864864865
1369,0,-1,-1.0,1,199,0.8963963963963963
1370,1,216,0.972972972972973,1,179,0.8063063063063063
1371,1,196,0.8828828828828829,1,159,0.7162162162162162
1372,1,176,0.7927927927927928,1,139,0.6261261261261262
1373,1,156,0.7027027027027027,1,119,0.536036036036036
1374,1,136,0.6126126126126126,1,99,0.44594594594594594
1375,1,116,0.5225225225225225,1,79,0.35585585585585583
1376,1,96,0.43243243243243246,1,59,0.26576576576576577
1377,1,76,0.34234234234234234,1,39,0.17567567567567569
1378,1,56,0.25225225225225223,1,19,0.08558558558558559
1379,1,36,0.16216216216216217,1,202,0.9099099099099099
1380,1,16,0.07207207207207207,1,182,0.8198198198198198
1381,1,199,0.8963963963963963,1,162,0.7297297297297297
1382,1,179,0.8063063063063063,1,142,0.6396396396396397
1383,1,159,0.7162162162162162,1,122,0.5495495495495496
1384,1,139,0.6261261261261262,1,102,0.4594594594594595
1385,1,119,0.536036036036036,1,82,0.36936936936936937
1386,1,99,0.44594594594594594,1,62,0.27927927927927926
1387,1,79,0.35585585585585583,1,42,0.1891891891891892
1388,1,59,0.26576576576576577,1,22,0.0990990990990991
1389,1,39,0.17567567567567569,1,2,0.009009009009009009
1390,1,19,0.08558558558558559,0,-1,-1.0
1391,0,-1,-1.0,0,-1,-1.0
1392,0,-1,-1.0,1,222,1.0
1393,0,-1,-1.0,1,202,0.9099099099099099
1394,1,219,0.9864864864864865,1,182,0.8198198198198198
1395,1,199,0.8963963963963963,1,162,0.7297297297297297
1396,1,179,0.8063063063063063,1,142,0.6396396396396397
1397,1,159,0.7162162162162162,1,122,0.5495495495495496
1398,1,139,0.6261261261261262,1,102,0.4594594594594595
1399,1,119,0.536036036036036,1,82,0.36936936936936937
1400,1,99,0.44594594594594594,1,62,0.27927927927927926
1401,1,79,0.35585585585585583,1,42,0.1891891891891892
1402,1,59,0.26576576576576577,1,22,0.0990990990990991
1403,1,39,0.17567567567567569,1,2,0.009009009009009009
1404,1,19,0.08558558558558559,0,-1,-1.0
1405,0,-1,-1.0,1,213,0.9594594594594594
1406,1,50,0.22522522522522523,1,212,0.954954954954955
1407,1,30,0.13513513513513514,1,192,0.8648648648648649
1408,1,10,0.04504504504504504,1,172,0.7747747747747747
1409,1,178,0.8018018018018018,1,152,0.6846846846846847
1410,1,158,0.7117117117117117,1,132,0.5945945945945946
1411,1,138,0.6216216216216216,1,112,0.5045045045045045
1412,1,118,0.5315315315315315,1,92,0.4144144144144144
1413,1,98,0.44144144144144143,1,72,0.32432432432432434
1414,1,78,0.35135135135135137,1,52,0.23423423423423423
1415,1,58,0.26126126126126126,1,32,0.14414414414414414
1416,1,38,0.17117117117117117,1,12,0.05405405405405406
1417,1,18,0.08108108108108109,0,-1,-1.0
1418,0,-1,-1.0,0,-1,-1.0
1419,0,-1,-1.0,0,-1,-1.0
1420,0,-1,-1.0,1,212,0.954954954954955
1421,1,218,0.9819819819819819,1,192,0.8648648648648649
1422,1,198,0.8918918918918919,1,172,0.7747747747747747
1423,1,178,0.8018018018018018,1,152,0.6846846846846847
1424,1,158,0.7117117117117117,1,132,0.5945945945945946
1425,1,138,0.6216216216216216,1,112,0.5045045045045045
1426,1,118,0.5315315315315315,1,92,0.4144144144144144
1427,1,98,0.44144144144144143,1,72,0.32432432432432434
1428,1,78,0.35135135135135137,1,52,0.23423423423423423
1429,1,58,0.26126126126126126,1,32,0.14414414414414414
1430,1,38,0.17117117117117117,1,12,0.05405405405405406
1431,1,18,0.08108108108108109,0,-1,-1.0
1432,0,-1,-1.0,0,-1,-1.0
1433,0,-1,-1.0,0,-1,-1.0
1434,0,-1,-1.0,0,-1,-1.0
1435,0,-1,-1.0,0,-1,-1.0
1436,0,-1,-1.0,0,-1,-1.0
1437,0,-1,-1.0,1,206,0.9279279279279279
1438,1,212,0.954954954954955,1,186,0.8378378378378378
1439,1,192,0.8648648648648649,1,166,0.7477477477477478
1440,1,172,0.7747747747747747,1,146,0.6576576576576577
1441,1,152,0.6846846846846847,1,126,0.5675675675675675
1442,1,132,0.5945945945945946,1,106,0.4774774774774775
1443,1,112,0.5045045045045045,1,86,0.38738738738738737
1444,1,92,0.4144144144144144,1,66,0.2972972972972973
1445,1,72,0.32432432432432434,1,46,0.2072072072072072
1446,1,52,0.23423423423423423,1,26,0.11711711711711711
1447,1,32,0.14414414414414414,1,6,0.02702702702702703
1448,1,12,0.05405405405405406,0,-1,-1.0
1449,0,-1,-1.0,0,-1,-1.0
1450,0,-1,-1.0,0,-1,-1.0
1451,0,-1,-1.0,0,-1,-1.0
1452,1,58,0.26126126126126126,0,-1,-1.0
1453,1,38,0.17117117117117117,0,-1,-1.0
1454,1,18,0.08108108108108109,0,-1,-1.0
1455,0,-1,-1.0,0,-1,-1.0
1456,0,-1,-1.0,1,209,0.9414414414414415
1457,1,219,0.9864864864864865,1,189,0.8513513513513513
1458,1,199,0.8963963963963963,1,169,0.7612612612612613
1459,1,179,0.8063063063063063,1,149,0.6711711711711712
1460,1,159,0.7162162162162162,1,129,0.581081081081081
1461,1,139,0.6261261261261262,1,109,0.49099099099099097
1462,1,119,0.536036036036036,1,89,0.4009009009009009
1463,1,99,0.44594594594594594,1,69,0.3108108108108108
1464,1,79,0.35585585585585583,1,49,0.22072072072072071
1465,1,59,0.26576576576576577,1,29,0.13063063063063063
1466,1,39,0.17567567567567569,1,9,0.04054054054054054
1467,1,19,0.08558558558558559,0,-1,-1.0
1468,0,-1,-1.0,0,-1,-1.0
1469,0,-1,-1.0,0,-1,-1.0
1470,0,-1,-1.0,1,203,0.9144144144144144
1471,1,213,0.9594594594594594,1,183,0.8243243243243243
1472,1,193,0.8693693693693694,1,163,0.7342342342342343
1473,1,173,0.7792792792792793,1,143,0.6441441441441441
1474,1,153,0.6891891891891891,1,123,0.5540540540540541
1475,1,133,0.5990990990990991,1,103,0.46396396396396394
1476,1,113,0.509009009009009,1,83,0.3738738738738739
1477,1,93,0.4189189189189189,1,63,0.28378378378378377
1478,1,73,0.32882882882882886,1,43,0.19369369369369369
1479,1,53,0.23873873873873874,1,23,0.1036036036036036
1480,1,33,0.14864864864864866,1,3,0.013513513513513514
1481,1,13,0.05855855855855856,0,-1,-1.0
1482,0,-1,-1.0,0,-1,-1.0
1483,0,-1,-1.0,0,-1,-1.0
1484,0,-1,-1.0,0,-1,-1.0
1485,0,-1,-1.0,0,-1,-1.0
1486,0,-1,-1.0,1,208,0.9369369369369369
1487,1,24,0.10810810810810811,0,-1,-1.0
1488,1,4,0.018018018018018018,0,-1,-1.0
1489,0,-1,-1.0,0,-1,-1.0
1490,0,-1,-1.0,0,-1,-1.0
1491,0,-1,-1.0,0,-1,-1.0
1492,0,-1,-1.0,0,-1,-1.0
1493,0,-1,-1.0,0,-1,-1.0
1494,1,217,0.9774774774774775,1,204,0.918918918918919
1495,1,197,0.8873873873873874,1,184,0.8288288288288288
1496,1,177,0.7972972972972973,1,164,0.7387387387387387
1497,1,157,0.7072072072072072,1,144,0.6486486486486487
1498,1,137,0.6171171171171171,1,124,0.5585585585585585
1499,1,117,0.527027027027027,1,104,0.46846846846846846
1500,1,97,0.4369369369369369,1,84,0.3783783783783784
1501,1,77,0.34684684684684686,1,64,0.2882882882882883
1502,1,57,0.25675675675675674,1,44,0.1981981981981982
1503,1,37,0.16666666666666666,1,24,0.10810810810810811
1504,1,17,0.07657657657657657,1,4,0.018018018018018018
1505,0,-1,-1.0,1,217,0.9774774774774775
1506,1,210,0.9459459459459459,1,197,0.8873873873873874
1507,1,190,0.8558558558558559,1,177,0.7972972972972973
1508,1,170,0.7657657657657657,1,157,0.7072072072072072
1509,1,150,0.6756756756756757,1,137,0.6171171171171171
1510,1,130,0.5855855855855856,1,117,0.527027027027027
1511,1,110,0.4954954954954955,1,97,0.4369369369369369
1512,1,90,0.40540540540540543,1,77,0.34684684684684686
1513,1,70,0.3153153153153153,1,57,0.25675675675675674
1514,1,50,0.22522522522522523,1,37,0.16666666666666666
1515,1,30,0.13513513513513514,1,17,0.07657657657657657
1516,1,10,0.04504504504504504,0,-1,-1.0
1517,0,-1,-1.0,1,219,0.9864864864864865
1518,1,212,0.954954954954955,1,199,0.8963963963963963
1519,1,192,0.8648648648648649,1,179,0.8063063063063063
1520,1,172,0.7747747747747747,1,159,0.7162162162162162
1521,1,152,0.6846846846846847,1,139,0.6261261261261262
1522,1,132,0.5945945945945946,1,119,0.536036036036036
1523,1,112,0.5045045045045045,1,99,0.44594594594594594
1524,1,92,0.4144144144144144,1,79,0.35585585585585583
1525,1,72,0.32432432432432434,1,59,0.26576576576576577
1526,1,52,0.23423423423423423,1,39,0.17567567567567569
1527,1,32,0.14414414414414414,1,19,0.08558558558558559
1528,1,12,0.05405405405405406,0,-1,-1.0
1529,0,-1,-1.0,1,217,0.9774774774774775
1530,1,28,0.12612612612612611,0,-1,-1.0
1531,1,8,0.036036036036036036,0,-1,-1.0
1532,0,-1,-1.0,0,-1,-1.0
1533,0,-1,-1.0,0,-1,-1.0
1534,0,-1,-1.0,0,-1,-1.0
1535,0,-1,-1.0,1,208,0.9369369369369369
1536,1,203,0.9144144144144144,1,188,0.8468468468468469
1537,1,183,0.8243243243243243,1,168,0.7567567567567568
1538,1,163,0.7342342342342343,1,148,0.6666666666666666
1539,1,143,0.6441441441441441,1,128,0.5765765765765766
1540,1,123,0.5540540540540541,1,108,0.4864864864864865
1541,1,103,0.46396396396396394,1,88,0.3963963963963964
1542,1,83,0.3738738738738739,1,68,0.3063063063063063
1543,1,63,0.28378378378378377,1,48,0.21621621621621623
1544,1,43,0.19369369369369369,1,28,0.12612612612612611
1545,1,23,0.1036036036036036,1,8,0.036036036036036036
1546,1,3,0.013513513513513514,1,221,0.9954954954954955
1547,1,216,0.972972972972973,1,201,0.9054054054054054
1548,1,196,0.8828828828828829,1,181,0.8153153153153153
1549,1,176,0.7927927927927928,1,161,0.7252252252252253
1550,1,156,0.7027027027027027,1,141,0.6351351351351351
1551,1,136,0.6126126126126126,1,121,0.545045045045045
1552,1,116,0.5225225225225225,1,101,0.45495495495495497
1553,1,96,0.43243243243243246,1,81,0.36486486486486486
1554,1,76,0.34234234234234234,1,61,0.2747747747747748
1555,1,56,0.25225225225225223,1,41,0.18468468468468469
1556,1,36,0.16216216216216217,1,21,0.0945945945945946
1557,1,16,0.07207207207207207,1,1,0.0045045045045045045
1558,0,-1,-1.0,1,208,0.9369369369369369
1559,1,203,0.9144144144144144,1,188,0.8468468468468469
1560,1,183,0.8243243243243243,1,168,0.7567567567567568
1561,1,163,0.7342342342342343,1,148,0.6666666666666666
1562,1,143,0.6441441441441441,1,128,0.5765765765765766
1563,1,123,0.5540540540540541,1,108,0.4864864864864865
1564,1,103,0.46396396396396394,1,88,0.3963963963963964
1565,1,83,0.3738738738738739,1,68,0.3063063063063063
1566,1,63,0.28378378378378377,1,48,0.21621621621621623
1567,1,43,0.19369369369369369,1,28,0.12612612612612611
1568,1,28,0.12612612612612611,0,-1,-1.0
1569,1,8,0.036036036036036036,0,-1,-1.0
1570,0,-1,-1.0,1,211,0.9504504504504504
1571,1,206,0.9279279279279279,1,191,0.8603603603603603
1572,1,186,0.8378378378378378,1,171,0.7702702702702703
1573,1,166,0.7477477477477478,1,151,0.6801801801801802
1574,1,146,0.6576576576576577,1,131,0.5900900900900901
1575,1,126,0.5675675675675675,1,111,0.5
1576,1,106,0.4774774774774775,1,91,0.4099099099099099
1577,1,86,0.38738738738738737,1,71,0.31981981981981983
1578,1,66,0.2972972972972973,1,51,0.22972972972972974
1579,1,46,0.2072072072072072,1,31,0.13963963963963963
1580,1,26,0.11711711711711711,1,11,0.04954954954954955
1581,1,6,0.02702702702702703,0,-1,-1.0
1582,0,-1,-1.0,0,-1,-1.0
1583,0,-1,-1.0,0,-1,-1.0
1584,0,-1,-1.0,0,-1,-1.0
1585,0,-1,-1.0,1,215,0.9684684684684685
1586,1,210,0.9459459459459459,1,195,0.8783783783783784
1587,1,190,0.8558558558558559,1,175,0.7882882882882883
1588,1,170,0.7657657657657657,1,155,0.6981981981981982
1589,1,150,0.6756756756756757,1,135,0.6081081081081081
1590,1,130,0.5855855855855856,1,115,0.5180180180180181
1591,1,110,0.4954954954954955,1,95,0.42792792792792794
1592,1,90,0.40540540540540543,1,75,0.33783783783783783
1593,1,70,0.3153153153153153,1,55,0.24774774774774774
1594,1,50,0.22522522522522523,1,35,0.15765765765765766
1595,1,30,0.13513513513513514,1,15,0.06756756756756757
1596,1,10,0.04504504504504504,0,-1,-1.0
1597,0,-1,-1.0,0,-1,-1.0
1598,0,-1,-1.0,0,-1,-1.0
1599,0,-1,-1.0,0,-1,-1.0
1600,0,-1,-1.0,0,-1,-1.0
1601,0,-1,-1.0,1,222,1.0
1602,0,-1,-1.0,1,202,0.9099099099099099
1603,1,76,0.34234234234234234,0,-1,-1.0
1604,1,56,0.25225225225225223,0,-1,-1.0
1605,1,36,0.16216216216216217,0,-1,-1.0
1606,1,16,0.07207207207207207,0,-1,-1.0
1607,0,-1,-1.0,0,-1,-1.0
1608,0,-1,-1.0,0,-1,-1.0
1609,0,-1,-1.0,0,-1,-1.0
1610,0,-1,-1.0,0,-1,-1.0
1611,0,-1,-1.0,0,-1,-1.0
1612,0,-1,-1.0,1,210,0.9459459459459459
1613,0,-1,-1.0,1,190,0.8558558558558559
1614,1,209,0.9414414414414415,1,170,0.7657657657657657
1615,1,189,0.8513513513513513,1,150,0.6756756756756757
1616,1,169,0.7612612612612613,1,130,0.5855855855855856
1617,1,149,0.6711711711711712,1,110,0.4954954954954955
1618,1,129,0.581081081081081,1,90,0.40540540540540543
1619,1,109,0.49099099099099097,1,70,0.3153153153153153
1620,1,89,0.4009009009009009,1,50,0.22522522522522523
1621,1,69,0.3108108108108108,1,30,0.13513513513513514
1622,1,49,0.22072072072072071,1,10,0.04504504504504504
1623,1,29,0.13063063063063063,0,-1,-1.0
1624,1,9,0.04054054054054054,1,203,0.9144144144144144
1625,1,222,1.0,1,183,0.8243243243243243
1626,1,202,0.9099099099099099,1,163,0.7342342342342343
1627,1,182,0.8198198198198198,1,143,0.6441441441441441
1628,1,162,0.7297297297297297,1,123,0.5540540540540541
1629,1,142,0.6396396396396397,1,103,0.46396396396396394
1630,1,122,0.5495495495495496,1,83,0.3738738738738739
1631,1,102,0.4594594594594595,1,63,0.28378378378378377
1632,1,82,0.36936936936936937,1,43,0.19369369369369369
1633,1,62,0.27927927927927926,1,23,0.1036036036036036
1634,1,42,0.1891891891891892,1,3,0.013513513513513514
1635,1,22,0.0990990990990991,1,192,0.8648648648648649
1636,1,2,0.009009009009009009,1,172,0.7747747747747747
1637,1,191,0.8603603603603603,1,152,0.6846846846846847
1638,1,171,0.7702702702702703,1,132,0.5945945945945946
1639,1,151,0.6801801801801802,1,112,0.5045045045045045
1640,1,131,0.5900900900900901,1,92,0.4144144144144144
1641,1,111,0.5,1,72,0.32432432432432434
1642,1,91,0.4099099099099099,1,52,0.23423423423423423
1643,1,71,0.31981981981981983,1,32,0.14414414414414414
1644,1,51,0.22972972972972974,1,12,0.05405405405405406
1645,1,31,0.13963963963963963,0,-1,-1.0
1646,1,11,0.04954954954954955,0,-1,-1.0
1647,0,-1,-1.0,1,218,0.9819819819819819
1648,1,48,0.21621621621621623,0,-1,-1.0
1649,1,28,0.12612612612612611,1,217,0.9774774774774775
1650,1,8,0.036036036036036036,1,197,0.8873873873873874
1651,1,202,0.9099099099099099,1,177,0.7972972972972973
1652,1,182,0.8198198198198198,1,157,0.7072072072072072
1653,1,162,0.7297297297297297,1,137,0.6171171171171171
1654,1,142,0.6396396396396397,1,117,0.527027027027027
1655,1,122,0.5495495495495496,1,97,0.4369369369369369
1656,1,102,0.4594594594594595,1,77,0.34684684684684686
1657,1,82,0.36936936936936937,1,57,0.25675675675675674
1658,1,62,0.27927927927927926,1,37,0.16666666666666666
1659,1,42,0.1891891891891892,1,17,0.07657657657657657
1660,1,22,0.0990990990990991,0,-1,-1.0
1661,1,2,0.009009009009009009,0,-1,-1.0
1662,0,-1,-1.0,1,210,0.9459459459459459
1663,1,215,0.9684684684684685,1,190,0.8558558558558559
1664,1,195,0.8783783783783784,1,170,0.7657657657657657
1665,1,175,0.7882882882882883,1,150,0.6756756756756757
1666,1,155,0.6981981981981982,1,130,0.5855855855855856
1667,1,135,0.6081081081081081,1,110,0.4954954954954955
1668,1,115,0.5180180180180181,1,90,0.40540540540540543
1669,1,95,0.42792792792792794,1,70,0.3153153153153153
1670,1,75,0.33783783783783783,1,50,0.22522522522522523
1671,1,55,0.24774774774774774,1,30,0.13513513513513514
1672,1,35,0.15765765765765766,1,10,0.04504504504504504
1673,1,30,0.13513513513513514,1,183,0.8243243243243243
1674,1,10,0.04504504504504504,1,163,0.7342342342342343
1675,1,159,0.7162162162162162,1,143,0.6441441441441441
1676,1,139,0.6261261261261262,1,123,0.5540540540540541
1677,1,119,0.536036036036036,1,103,0.46396396396396394
1678,1,99,0.44594594594594594,1,83,0.3738738738738739
1679,1,79,0.35585585585585583,1,63,0.28378378378378377
1680,1,59,0.26576576576576577,1,43,0.19369369369369369
1681,1,39,0.17567567567567569,1,23,0.1036036036036036
1682,1,19,0.08558558558558559,1,3,0.013513513513513514
1683,1,164,0.7387387387387387,1,148,0.6666666666666666
1684,1,144,0.6486486486486487,1,128,0.5765765765765766
1685,1,124,0.5585585585585585,1,108,0.4864864864864865
1686,1,104,0.46846846846846846,1,88,0.3963963963963964
1687,1,84,0.3783783783783784,1,68,0.3063063063063063
1688,1,64,0.2882882882882883,1,48,0.21621621621621623
1689,1,44,0.1981981981981982,1,28,0.12612612612612611
1690,1,24,0.10810810810810811,1,8,0.036036036036036036
1691,1,4,0.018018018018018018,0,-1,-1.0
1692,0,-1,-1.0,0,-1,-1.0
1693,0,-1,-1.0,1,217,0.9774774774774775
1694,1,46,0.2072072072072072,0,-1,-1.0
1695,1,26,0.11711711711711711,0,-1,-1.0
1696,1,6,0.02702702702702703,0,-1,-1.0
1697,0,-1,-1.0,0,-1,-1.0
1698,0,-1,-1.0,0,-1,-1.0
1699,0,-1,-1.0,0,-1,-1.0
1700,0,-1,-1.0,1,210,0.9459459459459459
1701,1,214,0.963963963963964,1,190,0.8558558558558559
1702,1,194,0.8738738738738738,1,170,0.7657657657657657
1703,1,174,0.7837837837837838,1,150,0.6756756756756757
1704,1,154,0.6936936936936937,1,130,0.5855855855855856
1705,1,134,0.6036036036036037,1,110,0.4954954954954955
1706,1,114,0.5135135135135135,1,90,0.40540540540540543
1707,1,94,0.42342342342342343,1,70,0.3153153153153153
1708,1,74,0.3333333333333333,1,50,0.22522522522522523
1709,1,54,0.24324324324324326,1,30,0.13513513513513514
1710,1,34,0.15315315315315314,1,10,0.04504504504504504
1711,1,14,0.06306306306306306,0,-1,-1.0
1712,0,-1,-1.0,1,216,0.972972972972973
1713,1,220,0.990990990990991,1,196,0.8828828828828829
1714,1,200,0.9009009009009009,1,176,0.7927927927927928
1715,1,180,0.8108108108108109,1,156,0.7027027027027027
1716,1,160,0.7207207207207207,1,136,0.6126126126126126
1717,1,140,0.6306306306306306,1,116,0.5225225225225225
1718,1,120,0.5405405405405406,1,96,0.43243243243243246
1719,1,100,0.45045045045045046,1,76,0.34234234234234234
1720,1,80,0.36036036036036034,1,56,0.25225225225225223
1721,1,60,0.2702702702702703,1,36,0.16216216216216217
1722,1,40,0.18018018018018017,1,16,0.07207207207207207
1723,1,20,0.09009009009009009,0,-1,-1.0
1724,1,0,0.0,0,-1,-1.0
1725,0,-1,-1.0,0,-1,-1.0
1726,0,-1,-1.0,0,-1,-1.0
1727,1,80,0.36036036036036034,0,-1,-1.0
1728,1,60,0.2702702702702703,0,-1,-1.0
1729,1,40,0.18018018018018017,0,-1,-1.0
1730,1,20,0.09009009009009009,0,-1,-1.0
1731,1,0,0.0,0,-1,-1.0
1732,0,-1,-1.0,0,-1,-1.0
1733,0,-1,-1.0,1,205,0.9234234234234234
1734,0,-1,-1.0,1,185,0.8333333333333334
1735,1,206,0.9279279279279279,1,165,0.7432432432432432
1736,1,186,0.8378378378378378,1,145,0.6531531531531531
1737,1,166,0.7477477477477478,1,125,0.5630630630630631
1738,1,146,0.6576576576576577,1,105,0.47297297297297297
1739,1,126,0.5675675675675675,1,85,0.38288288288288286
1740,1,106,0.4774774774774775,1,65,0.2927927927927928
1741,1,86,0.38738738738738737,1,45,0.20270270270270271
1742,1,66,0.2972972972972973,1,25,0.11261261261261261
1743,1,46,0.2072072072072072,1,5,0.02252252252252252
1744,1,26,0.11711711711711711,0,-1,-1.0
1745,1,6,0.02702702702702703,0,-1,-1.0
1746,0,-1,-1.0,0,-1,-1.0
1747,0,-1,-1.0,0,-1,-1.0
1748,0,-1,-1.0,1,210,0.9459459459459459
1749,0,-1,-1.0,1,190,0.8558558558558559
1750,1,211,0.9504504504504504,1,170,0.7657657657657657
1751,1,191,0.8603603603603603,1,150,0.6756756756756757
1752,1,171,0.7702702702702703,1,130,0.5855855855855856
1753,1,151,0.6801801801801802,1,110,0.4954954954954955
1754,1,131,0.5900900900900901,1,90,0.40540540540540543
1755,1,111,0.5,1,70,0.3153153153153153
1756,1,91,0.4099099099099099,1,50,0.22522522522522523
1757,1,71,0.31981981981981983,1,30,0.13513513513513514
1758,1,51,0.22972972972972974,1,10,0.04504504504504504
1759,1,31,0.13963963963963963,0,-1,-1.0
1760,1,11,0.04954954954954955,0,-1,-1.0
1761,0,-1,-1.0,0,-1,-1.0
1762,0,-1,-1.0,0,-1,-1.0
1763,1,72,0.32432432432432434,0,-1,-1.0
1764,1,52,0.23423423423423423,0,-1,-1.0
1765,1,32,0.14414414414414414,0,-1,-1.0
1766,1,12,0.05405405405405406,0,-1,-1.0
1767,0,-1,-1.0,0,-1,-1.0
1768,0,-1,-1.0,0,-1,-1.0
1769,0,-1,-1.0,0,-1,-1.0
1770,0,-1,-1.0,1,203,0.9144144144144144
1771,1,220,0.990990990990991,1,183,0.8243243243243243
1772,1,200,0.9009009009009009,1,163,0.7342342342342343
1773,1,180,0.8108108108108109,1,143,0.6441441441441441
1774,1,160,0.7207207207207207,1,123,0.5540540540540541
1775,1,140,0.6306306306306306,1,103,0.46396396396396394
1776,1,120,0.5405405405405406,1,83,0.3738738738738739
1777,1,100,0.45045045045045046,1,63,0.28378378378378377
1778,1,80,0.36036036036036034,1,43,0.19369369369369369
1779,1,60,0.2702702702702703,1,23,0.1036036036036036
1780,1,40,0.18018018018018017,1,3,0.013513513513513514
1781,1,20,0.09009009009009009,1,218,0.9819819819819819
1782,1,0,0.0,1,198,0.8918918918918919
1783,1,215,0.9684684684684685,1,178,0.8018018018018018
1784,1,195,0.8783783783783784,1,158,0.7117117117117117
1785,1,175,0.7882882882882883,1,138,0.6216216216216216
1786,1,155,0.6981981981981982,1,118,0.5315315315315315
1787,1,135,0.6081081081081081,1,98,0.44144144144144143
1788,1,115,0.5180180180180181,1,78,0.35135135135135137
1789,1,95,0.42792792792792794,1,58,0.26126126126126126
1790,1,75,0.33783783783783783,1,38,0.17117117117117117
1791,1,55,0.24774774774774774,1,18,0.08108108108108109
1792,1,35,0.15765765765765766,0,-1,-1.0
1793,1,15,0.06756756756756757,0,-1,-1.0
1794,0,-1,-1.0,0,-1,-1.0
1795,0,-1,-1.0,1,214,0.963963963963964
1796,0,-1,-1.0,1,194,0.8738738738738738
1797,1,211,0.9504504504504504,1,174,0.7837837837837838
1798,1,191,0.8603603603603603,1,154,0.6936936936936937
1799,1,171,0.7702702702702703,1,134,0.6036036036036037
1800,1,151,0.6801801801801802,1,114,0.5135135135135135
1801,1,131,0.5900900900900901,1,94,0.42342342342342343
1802,1,111,0.5,1,74,0.3333333333333333
1803,1,91,0.4099099099099099,1,54,0.24324324324324326
1804,1,71,0.31981981981981983,1,34,0.15315315315315314
1805,1,51,0.22972972972972974,1,14,0.06306306306306306
1806,1,24,0.10810810810810811,0,-1,-1.0
1807,1,4,0.018018018018018018,0,-1,-1.0
1808,0,-1,-1.0,0,-1,-1.0
1809,0,-1,-1.0,0,-1,-1.0
1810,0,-1,-1.0,0,-1,-1.0
1811,0,-1,-1.0,1,219,0.9864864864864865
1812,1,212,0.954954954954955,1,199,0.8963963963963963
1813,1,192,0.8648648648648649,1,179,0.8063063063063063
1814,1,172,0.7747747747747747,1,159,0.7162162162162162
1815,1,152,0.6846846846846847,1,139,0.6261261261261262
1816,1,132,0.5945945945945946,1,119,0.536036036036036
1817,1,112,0.5045045045045045,1,99,0.44594594594594594
1818,1,92,0.4144144144144144,1,79,0.35585585585585583
1819,1,72,0.32432432432432434,1,59,0.26576576576576577
1820,1,52,0.23423423423423423,1,39,0.17567567567567569
1821,1,32,0.14414414414414414,1,19,0.08558558558558559
1822,1,12,0.05405405405405406,1,209,0.9414414414414415
1823,1,202,0.9099099099099099,1,189,0.8513513513513513
1824,1,182,0.8198198198198198,1,169,0.7612612612612613
1825,1,162,0.7297297297297297,1,149,0.6711711711711712
1826,1,142,0.6396396396396397,1,129,0.581081081081081
1827,1,122,0.5495495495495496,1,109,0.49099099099099097
1828,1,102,0.4594594594594595,1,89,0.4009009009009009
1829,1,82,0.36936936936936937,1,69,0.3108108108108108
1830,1,62,0.27927927927927926,1,49,0.22072072072072071
1831,1,42,0.1891891891891892,1,29,0.13063063063063063
1832,1,22,0.0990990990990991,1,9,0.04054054054054054
1833,1,2,0.009009009009009009,1,163,0.7342342342342343
1834,1,156,0.7027027027027027,1,143,0.6441441441441441
1835,1,136,0.6126126126126126,1,123,0.5540540540540541
1836,1,116,0.5225225225225225,1,103,0.46396396396396394
1837,1,96,0.43243243243243246,1,83,0.3738738738738739
1838,1,76,0.34234234234234234,1,63,0.28378378378378377
1839,1,56,0.25225225225225223,1,43,0.19369369369369369
1840,1,36,0.16216216216216217,1,23,0.1036036036036036
1841,1,16,0.07207207207207207,1,3,0.013513513513513514
1842,0,-1,-1.0,1,221,0.9954954954954955
1843,1,44,0.1981981981981982,0,-1,-1.0
1844,1,24,0.10810810810810811,0,-1,-1.0
1845,1,4,0.018018018018018018,0,-1,-1.0
1846,0,-1,-1.0,0,-1,-1.0
1847,0,-1,-1.0,0,-1,-1.0
1848,0,-1,-1.0,0,-1,-1.0
1849,0,-1,-1.0,1,219,0.9864864864864865
1850,1,222,1.0,1,199,0.8963963963963963
1851,1,202,0.9099099099099099,1,179,0.8063063063063063
1852,1,182,0.8198198198198198,1,159,0.7162162162162162
1853,1,162,0.7297297297297297,1,139,0.6261261261261262
1854,1,142,0.6396396396396397,1,119,0.536036036036036
1855,1,122,0.5495495495495496,1,99,0.44594594594594594
1856,1,102,0.4594594594594595,1,79,0.35585585585585583
1857,1,82,0.36936936936936937,1,59,0.26576576576576577
1858,1,62,0.27927927927927926,1,39,0.17567567567567569
1859,1,42,0.1891891891891892,1,19,0.08558558558558559
1860,1,22,0.0990990990990991,0,-1,-1.0
1861,1,2,0.009009009009009009,1,213,0.9594594594594594
1862,1,216,0.972972972972973,1,193,0.8693693693693694
1863,1,196,0.8828828828828829,1,173,0.7792792792792793
1864,1,176,0.7927927927927928,1,153,0.6891891891891891
1865,1,156,0.7027027027027027,1,133,0.5990990990990991
1866,1,136,0.6126126126126126,1,113,0.509009009009009
1867,1,116,0.5225225225225225,1,93,0.4189189189189189
1868,1,96,0.43243243243243246,1,73,0.32882882882882886
1869,1,76,0.34234234234234234,1,53,0.23873873873873874
1870,1,56,0.25225225225225223,1,33,0.14864864864864866
1871,1,36,0.16216216216216217,1,13,0.05855855855855856
1872,1,16,0.07207207207207207,0,-1,-1.0
1873,0,-1,-1.0,0,-1,-1.0
1874,0,-1,-1.0,0,-1,-1.0
1875,0,-1,-1.0,0,-1,-1.0
1876,0,-1,-1.0,1,211,0.9504504504504504
1877,0,-1,-1.0,1,191,0.8603603603603603
1878,1,74,0.3333333333333333,0,-1,-1.0
1879,1,54,0.24324324324324326,0,-1,-1.0
1880,1,34,0.15315315315315314,1,216,0.972972972972973
1881,1,14,0.06306306306306306,1,196,0.8828828828828829
1882,1,214,0.963963963963964,1,176,0.7927927927927928
1883,1,194,0.8738738738738738,1,156,0.7027027027027027
1884,1,174,0.7837837837837838,1,136,0.6126126126126126
1885,1,154,0.6936936936936937,1,116,0.5225225225225225
1886,1,134,0.6036036036036037,1,96,0.43243243243243246
1887,1,114,0.5135135135135135,1,76,0.34234234234234234
1888,1,94,0.42342342342342343,1,56,0.25225225225225223
1889,1,74,0.3333333333333333,1,36,0.16216216216216217
1890,1,54,0.24324324324324326,1,16,0.07207207207207207
1891,1,34,0.15315315315315314,0,-1,-1.0
1892,1,14,0.06306306306306306,0,-1,-1.0
1893,0,-1,-1.0,0,-1,-1.0
1894,0,-1,-1.0,1,213,0.9594594594594594
1895,0,-1,-1.0,1,193,0.8693693693693694
1896,1,211,0.9504504504504504,1,173,0.7792792792792793
1897,1,191,0.8603603603603603,1,153,0.6891891891891891
1898,1,171,0.7702702702702703,1,133,0.5990990990990991
1899,1,151,0.6801801801801802,1,113,0.509009009009009
1900,1,131,0.5900900900900901,1,93,0.4189189189189189
1901,1,111,0.5,1,73,0.32882882882882886
1902,1,91,0.4099099099099099,1,53,0.23873873873873874
1903,1,71,0.31981981981981983,1,33,0.14864864864864866
1904,1,51,0.22972972972972974,1,13,0.05855855855855856
1905,1,31,0.13963963963963963,1,197,0.8873873873873874
1906,1,11,0.04954954954954955,1,177,0.7972972972972973
1907,1,195,0.8783783783783784,1,157,0.7072072072072072
1908,1,175,0.7882882882882883,1,137,0.6171171171171171
1909,1,155,0.6981981981981982,1,117,0.527027027027027
1910,1,135,0.6081081081081081,1,97,0.4369369369369369
1911,1,115,0.5180180180180181,1,77,0.34684684684684686
1912,1,95,0.42792792792792794,1,57,0.25675675675675674
1913,1,75,0.33783783783783783,1,37,0.16666666666666666
1914,1,44,0.1981981981981982,0,-1,-1.0
1915,1,24,0.10810810810810811,0,-1,-1.0
1916,1,4,0.018018018018018018,1,213,0.9594594594594594
1917,1,216,0.972972972972973,1,193,0.8693693693693694
1918,1,196,0.8828828828828829,1,173,0.7792792792792793
1919,1,176,0.7927927927927928,1,153,0.6891891891891891
1920,1,156,0.7027027027027027,1,133,0.5990990990990991
1921,1,136,0.6126126126126126,1,113,0.509009009009009
1922,1,116,0.5225225225225225,1,93,0.4189189189189189
1923,1,96,0.43243243243243246,1,73,0.32882882882882886
1924,1,76,0.34234234234234234,1,53,0.23873873873873874
1925,1,56,0.25225225225225223,1,33,0.14864864864864866
1926,1,36,0.16216216216216217,1,13,0.05855855855855856
1927,1,16,0.07207207207207207,1,188,0.8468468468468469
1928,1,191,0.8603603603603603,1,168,0.7567567567567568
1929,1,171,0.7702702702702703,1,148,0.6666666666666666
1930,1,151,0.6801801801801802,1,128,0.5765765765765766
1931,1,131,0.5900900900900901,1,108,0.4864864864864865
1932,1,111,0.5,1,88,0.3963963963963964
1933,1,91,0.4099099099099099,1,68,0.3063063063063063
1934,1,71,0.31981981981981983,1,48,0.21621621621621623
1935,1,51,0.22972972972972974,1,28,0.12612612612612611
1936,1,31,0.13963963963963963,1,8,0.036036036036036036
1937,1,11,0.04954954954954955,0,-1,-1.0
1938,0,-1,-1.0,0,-1,-1.0
1939,0,-1,-1.0,0,-1,-1.0
1940,0,-1,-1.0,0,-1,-1.0
1941,0,-1,-1.0,1,215,0.9684684684684685
1942,0,-1,-1.0,1,195,0.8783783783783784
1943,1,44,0.1981981981981982,1,204,0.918918918918919
1944,1,24,0.10810810810810811,1,184,0.8288288288288288
1945,1,4,0.018018018018018018,1,164,0.7387387387387387
1946,1,167,0.7522522522522522,1,144,0.6486486486486487
1947,1,147,0.6621621621621622,1,124,0.5585585585585585
1948,1,127,0.5720720720720721,1,104,0.46846846846846846
1949,1,107,0.481981981981982,1,84,0.3783783783783784
1950,1,87,0.3918918918918919,1,64,0.2882882882882883
1951,1,67,0.30180180180180183,1,44,0.1981981981981982
1952,1,47,0.21171171171171171,1,24,0.10810810810810811
1953,1,27,0.12162162162162163,1,4,0.018018018018018018
1954,1,7,0.03153153153153153,0,-1,-1.0
1955,0,-1,-1.0,0,-1,-1.0
1956,0,-1,-1.0,0,-1,-1.0
1957,0,-1,-1.0,1,211,0.9504504504504504
1958,1,214,0.963963963963964,1,191,0.8603603603603603
1959,1,194,0.8738738738738738,1,171,0.7702702702702703
1960,1,174,0.7837837837837838,1,151,0.6801801801801802
1961,1,154,0.6936936936936937,1,131,0.5900900900900901
1962,1,134,0.6036036036036037,1,111,0.5
1963,1,114,0.5135135135135135,1,91,0.4099099099099099
1964,1,94,0.42342342342342343,1,71,0.31981981981981983
1965,1,74,0.3333333333333333,1,51,0.22972972972972974
1966,1,54,0.24324324324324326,1,31,0.13963963963963963
1967,1,34,0.15315315315315314,1,11,0.04954954954954955
1968,1,14,0.06306306306306306,0,-1,-1.0
1969,0,-1,-1.0,0,-1,-1.0
1970,0,-1,-1.0,0,-1,-1.0
1971,0,-1,-1.0,0,-1,-1.0
1972,0,-1,-1.0,1,215,0.9684684684684685
1973,1,218,0.9819819819819819,1,195,0.8783783783783784
1974,1,198,0.8918918918918919,1,175,0.7882882882882883
1975,1,178,0.8018018018018018,1,155,0.6981981981981982
1976,1,158,0.7117117117117117,1,135,0.6081081081081081
1977,1,138,0.6216216216216216,1,115,0.5180180180180181
1978,1,118,0.5315315315315315,1,95,0.42792792792792794
1979,1,98,0.44144144144144143,1,75,0.33783783783783783
1980,1,78,0.35135135135135137,1,55,0.24774774774774774
1981,1,58,0.26126126126126126,1,35,0.15765765765765766
1982,1,38,0.17117117117117117,1,15,0.06756756756756757
1983,1,18,0.08108108108108109,0,-1,-1.0
1984,0,-1,-1.0,0,-1,-1.0
1985,0,-1,-1.0,0,-1,-1.0
1986,0,-1,-1.0,0,-1,-1.0
1987,0,-1,-1.0,0,-1,-1.0
1988,0,-1,-1.0,1,209,0.9414414414414415
1989,1,46,0.2072072072072072,0,-1,-1.0
1990,1,26,0.11711711711711711,0,-1,-1.0
1991,1,6,0.02702702702702703,0,-1,-1.0
1992,0,-1,-1.0,0,-1,-1.0
1993,0,-1,-1.0,0,-1,-1.0
1994,0,-1,-1.0,0,-1,-1.0
1995,0,-1,-1.0,1,208,0.9369369369369369
1996,1,212,0.954954954954955,1,188,0.8468468468468469
1997,1,192,0.8648648648648649,1,168,0.7567567567567568
1998,1,172,0.7747747747747747,1,148,0.6666666666666666
1999,1,152,0.6846846846846847,1,128,0.5765765765765766
2000,1,132,0.5945945945945946,1,108,0.4864864864864865
2001,1,112,0.5045045045045045,1,88,0.3963963963963964
2002,1,92,0.4144144144144144,1,68,0.3063063063063063
2003,1,72,0.32432432432432434,1,48,0.21621621621621623
2004,1,52,0.23423423423423423,1,28,0.12612612612612611
2005,1,32,0.14414414414414414,1,8,0.036036036036036036
2006,1,12,0.05405405405405406,0,-1,-1.0
2007,0,-1,-1.0,1,214,0.963963963963964
2008,1,218,0.9819819819819819,1,194,0.8738738738738738
2009,1,198,0.8918918918918919,1,174,0.7837837837837838
2010,1,178,0.8018018018018018,1,154,0.6936936936936937
2011,1,158,0.7117117117117117,1,134,0.6036036036036037
2012,1,138,0.6216216216216216,1,114,0.5135135135135135
2013,1,118,0.5315315315315315,1,94,0.42342342342342343
2014,1,98,0.44144144144144143,1,74,0.3333333333333333
2015,1,78,0.35135135135135137,1,54,0.24324324324324326
2016,1,58,0.26126126126126126,1,34,0.15315315315315314
2017,1,38,0.17117117117117117,1,14,0.06306306306306306
2018,1,18,0.08108108108108109,0,-1,-1.0
2019,0,-1,-1.0,0,-1,-1.0
2020,0,-1,-1.0,0,-1,-1.0
2021,0,-1,-1.0,0,-1,-1.0
2022,0,-1,-1.0,0,-1,-1.0
2023,0,-1,-1.0,0,-1,-1.0
2024,0,-1,-1.0,1,205,0.9234234234234234
2025,1,42,0.1891891891891892,0,-1,-1.0
2026,1,22,0.0990990990990991,1,203,0.9144144144144144
2027,1,2,0.009009009009009009,1,183,0.8243243243243243
2028,1,185,0.8333333333333334,1,163,0.7342342342342343
2029,1,165,0.7432432432432432,1,143,0.6441441441441441
2030,1,145,0.6531531531531531,1,123,0.5540540540540541
2031,1,125,0.5630630630630631,1,103,0.46396396396396394
2032,1,105,0.47297297297297297,1,83,0.3738738738738739
2033,1,85,0.38288288288288286,1,63,0.28378378378378377
2034,1,65,0.2927927927927928,1,43,0.19369369369369369
2035,1,45,0.20270270270270271,1,23,0.1036036036036036
2036,1,25,0.11261261261261261,1,3,0.013513513513513514
2037,1,5,0.02252252252252252,0,-1,-1.0
2038,0,-1,-1.0,0,-1,-1.0
2039,0,-1,-1.0,0,-1,-1.0
2040,0,-1,-1.0,0,-1,-1.0
2041,0,-1,-1.0,0,-1,-1.0
2042,0,-1,-1.0,1,217,0.9774774774774775
2043,1,219,0.9864864864864865,1,197,0.8873873873873874
2044,1,199,0.8963963963963963,1,177,0.7972972972972973
2045,1,179,0.8063063063063063,1,157,0.7072072072072072
2046,1,159,0.7162162162162162,1,137,0.6171171171171171
2047,1,139,0.6261261261261262,1,117,0.527027027027027
2048,1,119,0.536036036036036,1,97,0.4369369369369369
2049,1,99,0.44594594594594594,1,77,0.34684684684684686
2050,1,79,0.35585585585585583,1,57,0.25675675675675674
2051,1,59,0.26576576576576577,1,37,0.16666666666666666
2052,1,39,0.17567567567567569,1,17,0.07657657657657657
2053,1,19,0.08558558558558559,1,212,0.954954954954955
2054,1,214,0.963963963963964,1,192,0.8648648648648649
2055,1,194,0.8738738738738738,1,172,0.7747747747747747
2056,1,174,0.7837837837837838,1,152,0.6846846846846847
2057,1,154,0.6936936936936937,1,132,0.5945945945945946
2058,1,134,0.6036036036036037,1,112,0.5045045045045045
2059,1,114,0.5135135135135135,1,92,0.4144144144144144
2060,1,94,0.42342342342342343,1,72,0.32432432432432434
2061,1,74,0.3333333333333333,1,52,0.23423423423423423
2062,1,54,0.24324324324324326,1,32,0.14414414414414414
2063,1,34,0.15315315315315314,1,12,0.05405405405405406
2064,1,14,0.06306306306306306,0,-1,-1.0
2065,0,-1,-1.0,0,-1,-1.0
2066,0,-1,-1.0,0,-1,-1.0
2067,0,-1,-1.0,0,-1,-1.0
2068,0,-1,-1.0,1,216,0.972972972972973
2069,0,-1,-1.0,1,196,0.8828828828828829
2070,1,74,0.3333333333333333,0,-1,-1.0
2071,1,54,0.24324324324324326,0,-1,-1.0
2072,1,34,0.15315315315315314,1,217,0.9774774774774775
2073,1,14,0.06306306306306306,1,197,0.8873873873873874
2074,1,215,0.9684684684684685,1,177,0.7972972972972973
2075,1,195,0.8783783783783784,1,157,0.7072072072072072
2076,1,175,0.7882882882882883,1,137,0.6171171171171171
2077,1,155,0.6981981981981982,1,117,0.527027027027027
2078,1,135,0.6081081081081081,1,97,0.4369369369369369
2079,1,115,0.5180180180180181,1,77,0.34684684684684686
2080,1,95,0.42792792792792794,1,57,0.25675675675675674
2081,1,75,0.33783783783783783,1,37,0.16666666666666666
2082,1,55,0.24774774774774774,1,17,0.07657657657657657
2083,1,35,0.15765765765765766,0,-1,-1.0
2084,1,15,0.06756756756756757,0,-1,-1.0
2085,0,-1,-1.0,0,-1,-1.0
2086,0,-1,-1.0,0,-1,-1.0
2087,0,-1,-1.0,1,221,0.9954954954954955
2088,0,-1,-1.0,1,201,0.9054054054054054
2089,1,219,0.9864864864864865,1,181,0.8153153153153153
2090,1,199,0.8963963963963963,1,161,0.7252252252252253
2091,1,179,0.8063063063063063,1,141,0.6351351351351351
2092,1,159,0.7162162162162162,1,121,0.545045045045045
2093,1,139,0.6261261261261262,1,101,0.45495495495495497
2094,1,119,0.536036036036036,1,81,0.36486486486486486
2095,1,99,0.44594594594594594,1,61,0.2747747747747748
2096,1,79,0.35585585585585583,1,41,0.18468468468468469
2097,1,59,0.26576576576576577,1,21,0.0945945945945946
2098,1,39,0.17567567567567569,1,1,0.0045045045045045045
2099,1,19,0.08558558558558559,1,168,0.7567567567567568
2100,1,186,0.8378378378378378,1,148,0.6666666666666666
2101,1,166,0.7477477477477478,1,128,0.5765765765765766
2102,1,146,0.6576576576576577,1,108,0.4864864864864865
2103,1,126,0.5675675675675675,1,88,0.3963963963963964
2104,1,106,0.4774774774774775,1,68,0.3063063063063063
2105,1,86,0.38738738738738737,1,48,0.21621621621621623
2106,1,66,0.2972972972972973,1,28,0.12612612612612611
2107,1,46,0.2072072072072072,1,8,0.036036036036036036
2108,1,26,0.11711711711711711,0,-1,-1.0
2109,1,6,0.02702702702702703,0,-1,-1.0
2110,0,-1,-1.0,0,-1,-1.0
2111,0,-1,-1.0,1,210,0.9459459459459459
2112,1,20,0.09009009009009009,1,202,0.9099099099099099
2113,1,0,0.0,1,182,0.8198198198198198
2114,1,173,0.7792792792792793,1,162,0.7297297297297297
2115,1,153,0.6891891891891891,1,142,0.6396396396396397
2116,1,133,0.5990990990990991,1,122,0.5495495495495496
2117,1,113,0.509009009009009,1,102,0.4594594594594595
2118,1,93,0.4189189189189189,1,82,0.36936936936936937
2119,1,73,0.32882882882882886,1,62,0.27927927927927926
2120,1,53,0.23873873873873874,1,42,0.1891891891891892
2121,1,33,0.14864864864864866,1,22,0.0990990990990991
2122,1,13,0.05855855855855856,1,2,0.009009009009009009
2123,1,188,0.8468468468468469,1,177,0.7972972972972973
2124,1,168,0.7567567567567568,1,157,0.7072072072072072
2125,1,148,0.6666666666666666,1,137,0.6171171171171171
2126,1,128,0.5765765765765766,1,117,0.527027027027027
2127,1,108,0.4864864864864865,1,97,0.4369369369369369
2128,1,88,0.3963963963963964,1,77,0.34684684684684686
2129,1,68,0.3063063063063063,1,57,0.25675675675675674
2130,1,48,0.21621621621621623,1,37,0.16666666666666666
2131,1,28,0.12612612612612611,1,17,0.07657657657657657
2132,1,8,0.036036036036036036,1,174,0.7837837837837838
2133,1,165,0.7432432432432432,1,154,0.6936936936936937
2134,1,145,0.6531531531531531,1,134,0.6036036036036037
2135,1,125,0.5630630630630631,1,114,0.5135135135135135
2136,1,105,0.47297297297297297,1,94,0.42342342342342343
2137,1,85,0.38288288288288286,1,74,0.3333333333333333
2138,1,65,0.2927927927927928,1,54,0.24324324324324326
2139,1,45,0.20270270270270271,1,34,0.15315315315315314
2140,1,25,0.11261261261261261,1,14,0.06306306306306306
2141,1,5,0.02252252252252252,1,196,0.8828828828828829
2142,1,50,0.22522522522522523,0,-1,-1.0
2143,1,30,0.13513513513513514,0,-1,-1.0
2144,1,10,0.04504504504504504,1,219,0.9864864864864865
2145,0,-1,-1.0,1,199,0.8963963963963963
2146,1,205,0.9234234234234234,1,179,0.8063063063063063
2147,1,185,0.8333333333333334,1,159,0.7162162162162162
2148,1,165,0.7432432432432432,1,139,0.6261261261261262
2149,1,145,0.6531531531531531,1,119,0.536036036036036
2150,1,125,0.5630630630630631,1,99,0.44594594594594594
2151,1,105,0.47297297297297297,1,79,0.35585585585585583
2152,1,85,0.38288288288288286,1,59,0.26576576576576577
2153,1,65,0.2927927927927928,1,39,0.17567567567567569
2154,1,45,0.20270270270270271,1,19,0.08558558558558559
2155,1,25,0.11261261261261261,0,-1,-1.0
2156,1,5,0.02252252252252252,1,214,0.963963963963964
2157,1,220,0.990990990990991,1,194,0.8738738738738738
2158,1,200,0.9009009009009009,1,174,0.7837837837837838
2159,1,180,0.8108108108108109,1,154,0.6936936936936937
2160,1,160,0.7207207207207207,1,134,0.6036036036036037
2161,1,140,0.6306306306306306,1,114,0.5135135135135135
2162,1,120,0.5405405405405406,1,94,0.42342342342342343
2163,1,100,0.45045045045045046,1,74,0.3333333333333333
2164,1,80,0.36036036036036034,1,54,0.24324324324324326
2165,1,60,0.2702702702702703,1,34,0.15315315315315314
2166,1,40,0.18018018018018017,1,14,0.06306306306306306
2167,1,20,0.09009009009009009,0,-1,-1.0
2168,1,0,0.0,0,-1,-1.0
2169,0,-1,-1.0,0,-1,-1.0
2170,0,-1,-1.0,0,-1,-1.0
2171,0,-1,-1.0,1,220,0.990990990990991
2172,0,-1,-1.0,1,200,0.9009009009009009
2173,1,206,0.9279279279279279,1,180,0.8108108108108109
2174,1,186,0.8378378378378378,1,160,0.7207207207207207
2175,1,166,0.7477477477477478,1,140,0.6306306306306306
2176,1,146,0.6576576576576577,1,120,0.5405405405405406
2177,1,126,0.5675675675675675,1,100,0.45045045045045046
2178,1,106,0.4774774774774775,1,80,0.36036036036036034
2179,1,86,0.38738738738738737,1,60,0.2702702702702703
2180,1,66,0.2972972972972973,1,40,0.18018018018018017
2181,1,46,0.2072072072072072,1,20,0.09009009009009009
2182,1,26,0.11711711711711711,1,0,0.0
2183,1,6,0.02702702702702703,0,-1,-1.0
2184,0,-1,-1.0,0,-1,-1.0
2185,0,-1,-1.0,1,221,0.9954954954954955
2186,0,-1,-1.0,1,201,0.9054054054054054
2187,1,52,0.23423423423423423,0,-1,-1.0
2188,1,32,0.14414414414414414,1,219,0.9864864864864865
2189,1,12,0.05405405405405406,1,199,0.8963963963963963
2190,1,206,0.9279279279279279,1,179,0.8063063063063063
2191,1,186,0.8378378378378378,1,159,0.7162162162162162
2192,1,166,0.7477477477477478,1,139,0.6261261261261262
2193,1,146,0.6576576576576577,1,119,0.536036036036036
2194,1,126,0.5675675675675675,1,99,0.44594594594594594
2195,1,106,0.4774774774774775,1,79,0.35585585585585583
2196,1,86,0.38738738738738737,1,59,0.26576576576576577
2197,1,66,0.2972972972972973,1,39,0.17567567567567569
2198,1,46,0.2072072072072072,1,19,0.08558558558558559
2199,1,26,0.11711711711711711,1,186,0.8378378378378378
2200,1,6,0.02702702702702703,1,166,0.7477477477477478
2201,1,173,0.7792792792792793,1,146,0.6576576576576577
2202,1,153,0.6891891891891891,1,126,0.5675675675675675
2203,1,133,0.5990990990990991,1,106,0.4774774774774775
2204,1,113,0.509009009009009,1,86,0.38738738738738737
2205,1,93,0.4189189189189189,1,66,0.2972972972972973
2206,1,73,0.32882882882882886,1,46,0.2072072072072072
2207,1,53,0.23873873873873874,1,26,0.11711711711711711
2208,1,33,0.14864864864864866,1,6,0.02702702702702703
2209,1,44,0.1981981981981982,0,-1,-1.0
2210,1,24,0.10810810810810811,0,-1,-1.0
2211,1,4,0.018018018018018018,0,-1,-1.0
2212,0,-1,-1.0,0,-1,-1.0
2213,0,-1,-1.0,1,211,0.9504504504504504
2214,1,214,0.963963963963964,1,191,0.8603603603603603
2215,1,194,0.8738738738738738,1,171,0.7702702702702703
2216,1,174,0.7837837837837838,1,151,0.6801801801801802
2217,1,154,0.6936936936936937,1,131,0.5900900900900901
2218,1,134,0.6036036036036037,1,111,0.5
2219,1,114,0.5135135135135135,1,91,0.4099099099099099
2220,1,94,0.42342342342342343,1,71,0.31981981981981983
2221,1,74,0.3333333333333333,1,51,0.22972972972972974
2222,1,54,0.24324324324324326,1,31,0.13963963963963963
2223,1,34,0.15315315315315314,1,11,0.04954954954954955
2224,1,14,0.06306306306306306,0,-1,-1.0
2225,0,-1,-1.0,1,220,0.990990990990991
2226,0,-1,-1.0,1,200,0.9009009009009009
2227,1,203,0.9144144144144144,1,180,0.8108108108108109
2228,1,183,0.8243243243243243,1,160,0.7207207207207207
2229,1,163,0.7342342342342343,1,140,0.6306306306306306
2230,1,143,0.6441441441441441,1,120,0.5405405405405406
2231,1,123,0.5540540540540541,1,100,0.45045045045045046
2232,1,103,0.46396396396396394,1,80,0.36036036036036034
2233,1,83,0.3738738738738739,1,60,0.2702702702702703
2234,1,63,0.28378378378378377,1,40,0.18018018018018017
2235,1,43,0.19369369369369369,1,20,0.09009009009009009
2236,1,46,0.2072072072072072,0,-1,-1.0
2237,1,26,0.11711711711711711,0,-1,-1.0
2238,1,6,0.02702702702702703,0,-1,-1.0
2239,0,-1,-1.0,1,213,0.9594594594594594
2240,1,217,0.9774774774774775,1,193,0.8693693693693694
2241,1,197,0.8873873873873874,1,173,0.7792792792792793
2242,1,177,0.7972972972972973,1,153,0.6891891891891891
2243,1,157,0.7072072072072072,1,133,0.5990990990990991
2244,1,137,0.6171171171171171,1,113,0.509009009009009
2245,1,117,0.527027027027027,1,93,0.4189189189189189
2246,1,97,0.4369369369369369,1,73,0.32882882882882886
2247,1,77,0.34684684684684686,1,53,0.23873873873873874
2248,1,57,0.25675675675675674,1,33,0.14864864864864866
2249,1,37,0.16666666666666666,1,13,0.05855855855855856
2250,1,17,0.07657657657657657,1,187,0.8423423423423423
2251,1,191,0.8603603603603603,1,167,0.7522522522522522
2252,1,171,0.7702702702702703,1,147,0.6621621621621622
2253,1,151,0.6801801801801802,1,127,0.5720720720720721
2254,1,131,0.5900900900900901,1,107,0.481981981981982
2255,1,111,0.5,1,87,0.3918918918918919
2256,1,91,0.4099099099099099,1,67,0.30180180180180183
2257,1,71,0.31981981981981983,1,47,0.21171171171171171
2258,1,51,0.22972972972972974,1,27,0.12162162162162163
2259,1,31,0.13963963963963963,1,7,0.03153153153153153
2260,1,11,0.04954954954954955,0,-1,-1.0
2261,0,-1,-1.0,1,205,0.9234234234234234
2262,1,209,0.9414414414414415,1,185,0.8333333333333334
2263,1,189,0.8513513513513513,1,165,0.7432432432432432
2264,1,169,0.7612612612612613,1,145,0.6531531531531531
2265,1,149,0.6711711711711712,1,125,0.5630630630630631
2266,1,129,0.581081081081081,1,105,0.47297297297297297
2267,1,109,0.49099099099099097,1,85,0.38288288288288286
2268,1,89,0.4009009009009009,1,65,0.2927927927927928
2269,1,69,0.3108108108108108,1,45,0.20270270270270271
2270,1,49,0.22072072072072071,1,25,0.11261261261261261
2271,1,29,0.13063063063063063,1,5,0.02252252252252252
2272,1,9,0.04054054054054054,0,-1,-1.0
2273,0,-1,-1.0,1,207,0.9324324324324325
2274,1,22,0.0990990990990991,0,-1,-1.0
2275,1,2,0.009009009009009009,0,-1,-1.0
2276,0,-1,-1.0,1,212,0.954954954954955
2277,1,204,0.918918918918919,1,192,0.8648648648648649
2278,1,184,0.8288288288288288,1,172,0.7747747747747747
2279,1,164,0.7387387387387387,1,152,0.6846846846846847
2280,1,144,0.6486486486486487,1,132,0.5945945945945946
2281,1,124,0.5585585585585585,1,112,0.5045045045045045
2282,1,104,0.46846846846846846,1,92,0.4144144144144144
2283,1,84,0.3783783783783784,1,72,0.32432432432432434
2284,1,64,0.2882882882882883,1,52,0.23423423423423423
2285,1,44,0.1981981981981982,1,32,0.14414414414414414
2286,1,24,0.10810810810810811,1,12,0.05405405405405406
2287,1,4,0.018018018018018018,0,-1,-1.0
2288,0,-1,-1.0,0,-1,-1.0
2289,0,-1,-1.0,0,-1,-1.0
2290,0,-1,-1.0,1,215,0.9684684684684685
2291,1,207,0.9324324324324325,1,195,0.8783783783783784
2292,1,187,0.8423423423423423,1,175,0.7882882882882883
2293,1,167,0.7522522522522522,1,155,0.6981981981981982
2294,1,147,0.6621621621621622,1,135,0.6081081081081081
2295,1,127,0.5720720720720721,1,115,0.5180180180180181
2296,1,107,0.481981981981982,1,95,0.42792792792792794
2297,1,87,0.3918918918918919,1,75,0.33783783783783783
2298,1,67,0.30180180180180183,1,55,0.24774774774774774
2299,1,47,0.21171171171171171,1,35,0.15765765765765766
2300,1,27,0.12162162162162163,1,15,0.06756756756756757
2301,1,7,0.03153153153153153,1,163,0.7342342342342343
2302,1,155,0.6981981981981982,1,143,0.6441441441441441
2303,1,135,0.6081081081081081,1,123,0.5540540540540541
2304,1,115,0.5180180180180181,1,103,0.46396396396396394
2305,1,95,0.42792792792792794,1,83,0.3738738738738739
2306,1,75,0.33783783783783783,1,63,0.28378378378378377
2307,1,55,0.24774774774774774,1,43,0.19369369369369369
2308,1,35,0.15765765765765766,1,23,0.1036036036036036
2309,1,15,0.06756756756756757,1,3,0.013513513513513514
2310,0,-1,-1.0,0,-1,-1.0
2311,0,-1,-1.0,0,-1,-1.0
2312,0,-1,-1.0,0,-1,-1.0
2313,0,-1,-1.0,1,205,0.9234234234234234
2314,1,58,0.26126126126126126,0,-1,-1.0
2315,1,38,0.17117117117117117,0,-1,-1.0
2316,1,18,0.08108108108108109,0,-1,-1.0
2317,0,-1,-1.0,0,-1,-1.0
2318,0,-1,-1.0,0,-1,-1.0
2319,0,-1,-1.0,1,205,0.9234234234234234
2320,1,215,0.9684684684684685,1,185,0.8333333333333334
2321,1,195,0.8783783783783784,1,165,0.7432432432432432
2322,1,175,0.7882882882882883,1,145,0.6531531531531531
2323,1,155,0.6981981981981982,1,125,0.5630630630630631
2324,1,135,0.6081081081081081,1,105,0.47297297297297297
2325,1,115,0.5180180180180181,1,85,0.38288288288288286
2326,1,95,0.42792792792792794,1,65,0.2927927927927928
2327,1,75,0.33783783783783783,1,45,0.20270270270270271
2328,1,55,0.24774774774774774,1,25,0.11261261261261261
2329,1,35,0.15765765765765766,1,5,0.02252252252252252
2330,1,15,0.06756756756756757,1,181,0.8153153153153153
2331,1,191,0.8603603603603603,1,161,0.7252252252252253
2332,1,171,0.7702702702702703,1,141,0.6351351351351351
2333,1,151,0.6801801801801802,1,121,0.545045045045045
2334,1,131,0.5900900900900901,1,101,0.45495495495495497
2335,1,111,0.5,1,81,0.36486486486486486
2336,1,91,0.4099099099099099,1,61,0.2747747747747748
2337,1,71,0.31981981981981983,1,41,0.18468468468468469
2338,1,51,0.22972972972972974,1,21,0.0945945945945946
2339,1,31,0.13963963963963963,1,1,0.0045045045045045045
2340,1,11,0.04954954954954955,0,-1,-1.0
2341,0,-1,-1.0,0,-1,-1.0
2342,0,-1,-1.0,0,-1,-1.0
2343,0,-1,-1.0,0,-1,-1.0
2344,1,48,0.21621621621621623,1,190,0.8558558558558559
2345,1,28,0.12612612612612611,1,170,0.7657657657657657
2346,1,8,0.036036036036036036,1,150,0.6756756756756757
2347,1,155,0.6981981981981982,1,130,0.5855855855855856
2348,1,135,0.6081081081081081,1,110,0.4954954954954955
2349,1,115,0.5180180180180181,1,90,0.40540540540540543
2350,1,95,0.42792792792792794,1,70,0.3153153153153153
2351,1,75,0.33783783783783783,1,50,0.22522522522522523
2352,1,55,0.24774774774774774,1,30,0.13513513513513514
2353,1,35,0.15765765765765766,1,10,0.04504504504504504
2354,1,15,0.06756756756756757,0,-1,-1.0
2355,0,-1,-1.0,0,-1,-1.0
2356,0,-1,-1.0,0,-1,-1.0
2357,0,-1,-1.0,0,-1,-1.0
2358,0,-1,-1.0,0,-1,-1.0
2359,0,-1,-1.0,0,-1,-1.0
2360,0,-1,-1.0,1,207,0.9324324324324325
2361,1,212,0.954954954954955,1,187,0.8423423423423423
2362,1,192,0.8648648648648649,1,167,0.7522522522522522
2363,1,172,0.7747747747747747,1,147,0.6621621621621622
2364,1,152,0.6846846846846847,1,127,0.5720720720720721
2365,1,132,0.5945945945945946,1,107,0.481981981981982
2366,1,112,0.5045045045045045,1,87,0.3918918918918919
2367,1,92,0.4144144144144144,1,67,0.30180180180180183
2368,1,72,0.32432432432432434,1,47,0.21171171171171171
2369,1,52,0.23423423423423423,1,27,0.12162162162162163
2370,1,32,0.14414414414414414,1,7,0.03153153153153153
2371,1,12,0.05405405405405406,0,-1,-1.0
2372,1,72,0.32432432432432434,0,-1,-1.0
2373,1,52,0.23423423423423423,0,-1,-1.0
2374,1,32,0.14414414414414414,0,-1,-1.0
2375,1,12,0.05405405405405406,0,-1,-1.0
2376,0,-1,-1.0,0,-1,-1.0
2377,0,-1,-1.0,1,214,0.963963963963964
2378,0,-1,-1.0,1,194,0.8738738738738738
2379,1,211,0.9504504504504504,1,174,0.7837837837837838
2380,1,191,0.8603603603603603,1,154,0.6936936936936937
2381,1,171,0.7702702702702703,1,134,0.6036036036036037
2382,1,151,0.6801801801801802,1,114,0.5135135135135135
2383,1,131,0.5900900900900901,1,94,0.42342342342342343
2384,1,111,0.5,1,74,0.3333333333333333
2385,1,91,0.4099099099099099,1,54,0.24324324324324326
2386,1,71,0.31981981981981983,1,34,0.15315315315315314
2387,1,51,0.22972972972972974,1,14,0.06306306306306306
2388,1,31,0.13963963963963963,1,173,0.7792792792792793
2389,1,11,0.04954954954954955,1,153,0.6891891891891891
2390,1,170,0.7657657657657657,1,133,0.5990990990990991
2391,1,150,0.6756756756756757,1,113,0.509009009009009
2392,1,130,0.5855855855855856,1,93,0.4189189189189189
2393,1,110,0.4954954954954955,1,73,0.32882882882882886
2394,1,90,0.40540540540540543,1,53,0.23873873873873874
2395,1,70,0.3153153153153153,1,33,0.14864864864864866
2396,1,50,0.22522522522522523,1,13,0.05855855855855856
2397,1,30,0.13513513513513514,0,-1,-1.0
2398,1,10,0.04504504504504504,0,-1,-1.0
2399,0,-1,-1.0,1,219,0.9864864864864865
2400,0,-1,-1.0,1,199,0.8963963963963963
2401,1,216,0.972972972972973,1,179,0.8063063063063063
2402,1,196,0.8828828828828829,1,159,0.7162162162162162
2403,1,176,0.7927927927927928,1,139,0.6261261261261262
2404,1,156,0.7027027027027027,1,119,0.536036036036036
2405,1,136,0.6126126126126126,1,99,0.44594594594594594
2406,1,116,0.5225225225225225,1,79,0.35585585585585583
2407,1,96,0.43243243243243246,1,59,0.26576576576576577
2408,1,76,0.34234234234234234,1,39,0.17567567567567569
2409,1,56,0.25225225225225223,1,19,0.08558558558558559
2410,1,36,0.16216216216216217,1,216,0.972972972972973
2411,1,16,0.07207207207207207,1,196,0.8828828828828829
2412,1,58,0.26126126126126126,0,-1,-1.0
2413,1,38,0.17117117117117117,0,-1,-1.0
2414,1,18,0.08108108108108109,0,-1,-1.0
2415,0,-1,-1.0,0,-1,-1.0
2416,0,-1,-1.0,1,205,0.9234234234234234
2417,1,215,0.9684684684684685,1,185,0.8333333333333334
2418,1,195,0.8783783783783784,1,165,0.7432432432432432
2419,1,175,0.7882882882882883,1,145,0.6531531531531531
2420,1,155,0.6981981981981982,1,125,0.5630630630630631
2421,1,135,0.6081081081081081,1,105,0.47297297297297297
2422,1,115,0.5180180180180181,1,85,0.38288288288288286
2423,1,95,0.42792792792792794,1,65,0.2927927927927928
2424,1,75,0.33783783783783783,1,45,0.20270270270270271
2425,1,55,0.24774774774774774,1,25,0.11261261261261261
2426,1,35,0.15765765765765766,1,5,0.02252252252252252
2427,1,15,0.06756756756756757,0,-1,-1.0
2428,0,-1,-1.0,0,-1,-1.0
2429,0,-1,-1.0,1,205,0.9234234234234234
2430,1,215,0.9684684684684685,1,185,0.8333333333333334
2431,1,195,0.8783783783783784,1,165,0.7432432432432432
2432,1,175,0.7882882882882883,1,145,0.6531531531531531
2433,1,155,0.6981981981981982,1,125,0.5630630630630631
2434,1,135,0.6081081081081081,1,105,0.47297297297297297
2435,1,115,0.5180180180180181,1,85,0.38288288288288286
2436,1,95,0.42792792792792794,1,65,0.2927927927927928
2437,1,75,0.33783783783783783,1,45,0.20270270270270271
2438,1,55,0.24774774774774774,1,25,0.11261261261261261
2439,1,50,0.22522522522522523,0,-1,-1.0
2440,1,30,0.13513513513513514,0,-1,-1.0
2441,1,10,0.04504504504504504,0,-1,-1.0
2442,0,-1,-1.0,1,219,0.9864864864864865
2443,0,-1,-1.0,1,199,0.8963963963963963
2444,1,205,0.9234234234234234,1,179,0.8063063063063063
2445,1,185,0.8333333333333334,1,159,0.7162162162162162
2446,1,165,0.7432432432432432,1,139,0.6261261261261262
2447,1,145,0.6531531531531531,1,119,0.536036036036036
2448,1,125,0.5630630630630631,1,99,0.44594594594594594
2449,1,105,0.47297297297297297,1,79,0.35585585585585583
2450,1,85,0.38288288288288286,1,59,0.26576576576576577
2451,1,65,0.2927927927927928,1,39,0.17567567567567569
2452,1,45,0.20270270270270271,1,19,0.08558558558558559
2453,1,25,0.11261261261261261,0,-1,-1.0
2454,1,5,0.02252252252252252,0,-1,-1.0
2455,0,-1,-1.0,0,-1,-1.0
2456,0,-1,-1.0,0,-1,-1.0
2457,0,-1,-1.0,0,-1,-1.0
2458,0,-1,-1.0,1,205,0.9234234234234234
2459,1,211,0.9504504504504504,1,185,0.8333333333333334
2460,1,191,0.8603603603603603,1,165,0.7432432432432432
2461,1,171,0.7702702702702703,1,145,0.6531531531531531
2462,1,151,0.6801801801801802,1,125,0.5630630630630631
2463,1,131,0.5900900900900901,1,105,0.47297297297297297
2464,1,111,0.5,1,85,0.38288288288288286
2465,1,91,0.4099099099099099,1,65,0.2927927927927928
2466,1,71,0.31981981981981983,1,45,0.20270270270270271
2467,1,51,0.22972972972972974,1,25,0.11261261261261261
2468,1,31,0.13963963963963963,1,5,0.02252252252252252
2469,1,11,0.04954954954954955,0,-1,-1.0
2470,0,-1,-1.0,0,-1,-1.0
2471,0,-1,-1.0,0,-1,-1.0
2472,0,-1,-1.0,0,-1,-1.0
2473,0,-1,-1.0,0,-1,-1.0
2474,0,-1,-1.0,1,211,0.9504504504504504
2475,0,-1,-1.0,1,191,0.8603603603603603
2476,1,66,0.2972972972972973,0,-1,-1.0
2477,1,46,0.2072072072072072,1,208,0.9369369369369369
2478,1,26,0.11711711711711711,1,188,0.8468468468468469
2479,1,6,0.02702702702702703,1,168,0.7567567567567568
2480,1,182,0.8198198198198198,1,148,0.6666666666666666
2481,1,162,0.7297297297297297,1,128,0.5765765765765766
2482,1,142,0.6396396396396397,1,108,0.4864864864864865
2483,1,122,0.5495495495495496,1,88,0.3963963963963964
2484,1,102,0.4594594594594595,1,68,0.3063063063063063
2485,1,82,0.36936936936936937,1,48,0.21621621621621623
2486,1,62,0.27927927927927926,1,28,0.12612612612612611
2487,1,42,0.1891891891891892,1,8,0.036036036036036036
2488,1,22,0.0990990990990991,0,-1,-1.0
2489,1,2,0.009009009009009009,1,211,0.9504504504504504
2490,0,-1,-1.0,1,191,0.8603603603603603
2491,1,205,0.9234234234234234,1,171,0.7702702702702703
2492,1,185,0.8333333333333334,1,151,0.6801801801801802
2493,1,165,0.7432432432432432,1,131,0.5900900900900901
2494,1,145,0.6531531531531531,1,111,0.5
2495,1,125,0.5630630630630631,1,91,0.4099099099099099
2496,1,105,0.47297297297297297,1,71,0.31981981981981983
2497,1,85,0.38288288288288286,1,51,0.22972972972972974
2498,1,65,0.2927927927927928,1,31,0.13963963963963963
2499,1,45,0.20270270270270271,1,11,0.04954954954954955
2500,1,25,0.11261261261261261,0,-1,-1.0
2501,1,5,0.02252252252252252,1,209,0.9414414414414415
2502,0,-1,-1.0,1,189,0.8513513513513513
2503,1,203,0.9144144144144144,1,169,0.7612612612612613
2504,1,183,0.8243243243243243,1,149,0.6711711711711712
2505,1,163,0.7342342342342343,1,129,0.581081081081081
2506,1,143,0.6441441441441441,1,109,0.49099099099099097
2507,1,123,0.5540540540540541,1,89,0.4009009009009009
2508,1,103,0.46396396396396394,1,69,0.3108108108108108
2509,1,83,0.3738738738738739,1,49,0.22072072072072071
2510,1,63,0.28378378378378377,1,29,0.13063063063063063
2511,1,43,0.19369369369369369,1,9,0.04054054054054054
2512,1,23,0.1036036036036036,0,-1,-1.0
2513,1,3,0.013513513513513514,0,-1,-1.0
2514,0,-1,-1.0,0,-1,-1.0
2515,0,-1,-1.0,1,210,0.9459459459459459
2516,1,26,0.11711711711711711,1,179,0.8063063063063063
2517,1,6,0.02702702702702703,1,159,0.7162162162162162
2518,1,153,0.6891891891891891,1,139,0.6261261261261262
2519,1,133,0.5990990990990991,1,119,0.536036036036036
2520,1,113,0.509009009009009,1,99,0.44594594594594594
2521,1,93,0.4189189189189189,1,79,0.35585585585585583
2522,1,73,0.32882882882882886,1,59,0.26576576576576577
2523,1,53,0.23873873873873874,1,39,0.17567567567567569
2524,1,33,0.14864864864864866,1,19,0.08558558558558559
2525,1,13,0.05855855855855856,0,-1,-1.0
2526,0,-1,-1.0,1,213,0.9594594594594594
2527,1,207,0.9324324324324325,1,193,0.8693693693693694
2528,1,187,0.8423423423423423,1,173,0.7792792792792793
2529,1,167,0.7522522522522522,1,153,0.6891891891891891
2530,1,147,0.6621621621621622,1,133,0.5990990990990991
2531,1,127,0.5720720720720721,1,113,0.509009009009009
2532,1,107,0.481981981981982,1,93,0.4189189189189189
2533,1,87,0.3918918918918919,1,73,0.32882882882882886
2534,1,67,0.30180180180180183,1,53,0.23873873873873874
2535,1,47,0.21171171171171171,1,33,0.14864864864864866
2536,1,27,0.12162162162162163,1,13,0.05855855855855856
2537,1,56,0.25225225225225223,0,-1,-1.0
2538,1,36,0.16216216216216217,1,219,0.9864864864864865
2539,1,16,0.07207207207207207,1,199,0.8963963963963963
2540,1,208,0.9369369369369369,1,179,0.8063063063063063
2541,1,188,0.8468468468468469,1,159,0.7162162162162162
2542,1,168,0.7567567567567568,1,139,0.6261261261261262
2543,1,148,0.6666666666666666,1,119,0.536036036036036
2544,1,128,0.5765765765765766,1,99,0.44594594594594594
2545,1,108,0.4864864864864865,1,79,0.35585585585585583
2546,1,88,0.3963963963963964,1,59,0.26576576576576577
2547,1,68,0.3063063063063063,1,39,0.17567567567567569
2548,1,48,0.21621621621621623,1,19,0.08558558558558559
2549,1,28,0.12612612612612611,0,-1,-1.0
2550,1,8,0.036036036036036036,0,-1,-1.0
2551,0,-1,-1.0,0,-1,-1.0
2552,0,-1,-1.0,1,222,1.0
2553,0,-1,-1.0,1,202,0.9099099099099099
2554,1,211,0.9504504504504504,1,182,0.8198198198198198
2555,1,191,0.8603603603603603,1,162,0.7297297297297297
2556,1,171,0.7702702702702703,1,142,0.6396396396396397
2557,1,151,0.6801801801801802,1,122,0.5495495495495496
2558,1,131,0.5900900900900901,1,102,0.4594594594594595
2559,1,111,0.5,1,82,0.36936936936936937
2560,1,91,0.4099099099099099,1,62,0.27927927927927926
2561,1,71,0.31981981981981983,1,42,0.1891891891891892
2562,1,51,0.22972972972972974,1,22,0.0990990990990991
2563,1,31,0.13963963963963963,1,2,0.009009009009009009
2564,1,11,0.04954954954954955,0,-1,-1.0
2565,0,-1,-1.0,1,220,0.990990990990991
2566,0,-1,-1.0,1,200,0.9009009009009009
2567,1,209,0.9414414414414415,1,180,0.8108108108108109
2568,1,189,0.8513513513513513,1,160,0.7207207207207207
2569,1,169,0.7612612612612613,1,140,0.6306306306306306
2570,1,149,0.6711711711711712,1,120,0.5405405405405406
2571,1,129,0.581081081081081,1,100,0.45045045045045046
2572,1,109,0.49099099099099097,1,80,0.36036036036036034
2573,1,89,0.4009009009009009,1,60,0.2702702702702703
2574,1,69,0.3108108108108108,1,40,0.18018018018018017
2575,1,68,0.3063063063063063,0,-1,-1.0
2576,1,48,0.21621621621621623,1,220,0.990990990990991
2577,1,28,0.12612612612612611,1,200,0.9009009009009009
2578,1,8,0.036036036036036036,1,180,0.8108108108108109
2579,1,195,0.8783783783783784,1,160,0.7207207207207207
2580,1,175,0.7882882882882883,1,140,0.6306306306306306
2581,1,155,0.6981981981981982,1,120,0.5405405405405406
2582,1,135,0.6081081081081081,1,100,0.45045045045045046
2583,1,115,0.5180180180180181,1,80,0.36036036036036034
2584,1,95,0.42792792792792794,1,60,0.2702702702702703
2585,1,75,0.33783783783783783,1,40,0.18018018018018017
2586,1,55,0.24774774774774774,1,20,0.09009009009009009
2587,1,35,0.15765765765765766,1,0,0.0
2588,1,15,0.06756756756756757,1,205,0.9234234234234234
2589,1,220,0.990990990990991,1,185,0.8333333333333334
2590,1,200,0.9009009009009009,1,165,0.7432432432432432
2591,1,180,0.8108108108108109,1,145,0.6531531531531531
2592,1,160,0.7207207207207207,1,125,0.5630630630630631
2593,1,140,0.6306306306306306,1,105,0.47297297297297297
2594,1,120,0.5405405405405406,1,85,0.38288288288288286
2595,1,100,0.45045045045045046,1,65,0.2927927927927928
2596,1,80,0.36036036036036034,1,45,0.20270270270270271
2597,1,60,0.2702702702702703,1,25,0.11261261261261261
2598,1,40,0.18018018018018017,1,5,0.02252252252252252
2599,1,20,0.09009009009009009,0,-1,-1.0
2600,1,0,0.0,0,-1,-1.0
2601,0,-1,-1.0,0,-1,-1.0
2602,0,-1,-1.0,1,211,0.9504504504504504
2603,0,-1,-1.0,1,191,0.8603603603603603
2604,1,206,0.9279279279279279,1,171,0.7702702702702703
2605,1,186,0.8378378378378378,1,151,0.6801801801801802
2606,1,166,0.7477477477477478,1,131,0.5900900900900901
2607,1,146,0.6576576576576577,1,111,0.5
2608,1,126,0.5675675675675675,1,91,0.4099099099099099
2609,1,106,0.4774774774774775,1,71,0.31981981981981983
2610,1,86,0.38738738738738737,1,51,0.22972972972972974
2611,1,66,0.2972972972972973,1,31,0.13963963963963963
2612,1,46,0.2072072072072072,1,11,0.04954954954954955
2613,1,26,0.11711711711711711,0,-1,-1.0
2614,1,82,0.36936936936936937,0,-1,-1.0
2615,1,62,0.27927927927927926,0,-1,-1.0
2616,1,42,0.1891891891891892,0,-1,-1.0
2617,1,22,0.0990990990990991,0,-1,-1.0
2618,1,2,0.009009009009009009,0,-1,-1.0
2619,0,-1,-1.0,0,-1,-1.0
2620,0,-1,-1.0,1,204,0.918918918918919
2621,0,-1,-1.0,1,184,0.8288288288288288
2622,1,206,0.9279279279279279,1,164,0.7387387387387387
2623,1,186,0.8378378378378378,1,144,0.6486486486486487
2624,1,166,0.7477477477477478,1,124,0.5585585585585585
2625,1,146,0.6576576576576577,1,104,0.46846846846846846
2626,1,126,0.5675675675675675,1,84,0.3783783783783784
2627,1,106,0.4774774774774775,1,64,0.2882882882882883
2628,1,86,0.38738738738738737,1,44,0.1981981981981982
2629,1,66,0.2972972972972973,1,24,0.10810810810810811
2630,1,46,0.2072072072072072,1,4,0.018018018018018018
2631,1,26,0.11711711711711711,1,202,0.9099099099099099
2632,1,6,0.02702702702702703,1,182,0.8198198198198198
2633,1,204,0.918918918918919,1,162,0.7297297297297297
2634,1,184,0.8288288288288288,1,142,0.6396396396396397
2635,1,164,0.7387387387387387,1,122,0.5495495495495496
2636,1,144,0.6486486486486487,1,102,0.4594594594594595
2637,1,124,0.5585585585585585,1,82,0.36936936936936937
2638,1,104,0.46846846846846846,1,62,0.27927927927927926
2639,1,84,0.3783783783783784,1,42,0.1891891891891892
2640,1,64,0.2882882882882883,1,22,0.0990990990990991
2641,1,44,0.1981981981981982,1,2,0.009009009009009009
2642,1,24,0.10810810810810811,1,218,0.9819819819819819
2643,1,20,0.09009009009009009,0,-1,-1.0
2644,1,0,0.0,0,-1,-1.0
2645,0,-1,-1.0,0,-1,-1.0
2646,0,-1,-1.0,0,-1,-1.0
2647,1,215,0.9684684684684685,1,204,0.918918918918919
2648,1,195,0.8783783783783784,1,184,0.8288288288288288
2649,1,175,0.7882882882882883,1,164,0.7387387387387387
2650,1,155,0.6981981981981982,1,144,0.6486486486486487
2651,1,135,0.6081081081081081,1,124,0.5585585585585585
2652,1,115,0.5180180180180181,1,104,0.46846846846846846
2653,1,95,0.42792792792792794,1,84,0.3783783783783784
2654,1,75,0.33783783783783783,1,64,0.2882882882882883
2655,1,55,0.24774774774774774,1,44,0.1981981981981982
2656,1,35,0.15765765765765766,1,24,0.10810810810810811
2657,1,15,0.06756756756756757,1,4,0.018018018018018018
2658,1,193,0.8693693693693694,1,182,0.8198198198198198
2659,1,173,0.7792792792792793,1,162,0.7297297297297297
2660,1,153,0.6891891891891891,1,142,0.6396396396396397
2661,1,133,0.5990990990990991,1,122,0.5495495495495496
2662,1,113,0.509009009009009,1,102,0.4594594594594595
2663,1,93,0.4189189189189189,1,82,0.36936936936936937
2664,1,73,0.32882882882882886,1,62,0.27927927927927926
2665,1,53,0.23873873873873874,1,42,0.1891891891891892
2666,1,33,0.14864864864864866,1,22,0.0990990990990991
2667,1,13,0.05855855855855856,1,2,0.009009009009009009
2668,0,-1,-1.0,0,-1,-1.0
2669,0,-1,-1.0,0,-1,-1.0
2670,0,-1,-1.0,1,207,0.9324324324324325
2671,1,78,0.35135135135135137,0,-1,-1.0
2672,1,58,0.26126126126126126,0,-1,-1.0
2673,1,38,0.17117117117117117,0,-1,-1.0
2674,1,18,0.08108108108108109,0,-1,-1.0
2675,0,-1,-1.0,0,-1,-1.0
2676,0,-1,-1.0,0,-1,-1.0
2677,0,-1,-1.0,1,213,0.9594594594594594
2678,0,-1,-1.0,1,193,0.8693693693693694
2679,1,213,0.9594594594594594,1,173,0.7792792792792793
2680,1,193,0.8693693693693694,1,153,0.6891891891891891
2681,1,173,0.7792792792792793,1,133,0.5990990990990991
2682,1,153,0.6891891891891891,1,113,0.509009009009009
2683,1,133,0.5990990990990991,1,93,0.4189189189189189
2684,1,113,0.509009009009009,1,73,0.32882882882882886
2685,1,93,0.4189189189189189,1,53,0.23873873873873874
2686,1,73,0.32882882882882886,1,33,0.14864864864864866
2687,1,53,0.23873873873873874,1,13,0.05855855855855856
2688,1,33,0.14864864864864866,1,215,0.9684684684684685
2689,1,13,0.05855855855855856,1,195,0.8783783783783784
2690,1,215,0.9684684684684685,1,175,0.7882882882882883
2691,1,195,0.8783783783783784,1,155,0.6981981981981982
2692,1,175,0.7882882882882883,1,135,0.6081081081081081
2693,1,155,0.6981981981981982,1,115,0.5180180180180181
2694,1,135,0.6081081081081081,1,95,0.42792792792792794
2695,1,115,0.5180180180180181,1,75,0.33783783783783783
2696,1,95,0.42792792792792794,1,55,0.24774774774774774
2697,1,75,0.33783783783783783,1,35,0.15765765765765766
2698,1,55,0.24774774774774774,1,15,0.06756756756756757
2699,1,35,0.15765765765765766,0,-1,-1.0
2700,1,15,0.06756756756756757,0,-1,-1.0
2701,0,-1,-1.0,1,217,0.9774774774774775
2702,1,86,0.38738738738738737,0,-1,-1.0
2703,1,66,0.2972972972972973,0,-1,-1.0
2704,1,46,0.2072072072072072,0,-1,-1.0
2705,1,26,0.11711711711711711,0,-1,-1.0
2706,1,6,0.02702702702702703,0,-1,-1.0
2707,0,-1,-1.0,1,212,0.954954954954955
2708,0,-1,-1.0,1,192,0.8648648648648649
2709,1,216,0.972972972972973,1,172,0.7747747747747747
2710,1,196,0.8828828828828829,1,152,0.6846846846846847
2711,1,176,0.7927927927927928,1,132,0.5945945945945946
2712,1,156,0.7027027027027027,1,112,0.5045045045045045
2713,1,136,0.6126126126126126,1,92,0.4144144144144144
2714,1,116,0.5225225225225225,1,72,0.32432432432432434
2715,1,96,0.43243243243243246,1,52,0.23423423423423423
2716,1,76,0.34234234234234234,1,32,0.14414414414414414
2717,1,56,0.25225225225225223,1,12,0.05405405405405406
2718,1,36,0.16216216216216217,0,-1,-1.0
2719,1,16,0.07207207207207207,0,-1,-1.0
2720,0,-1,-1.0,0,-1,-1.0
2721,0,-1,-1.0,0,-1,-1.0
2722,0,-1,-1.0,1,209,0.9414414414414415
2723,0,-1,-1.0,1,189,0.8513513513513513
2724,1,213,0.9594594594594594,1,169,0.7612612612612613
2725,1,193,0.8693693693693694,1,149,0.6711711711711712
2726,1,173,0.7792792792792793,1,129,0.581081081081081
2727,1,153,0.6891891891891891,1,109,0.49099099099099097
2728,1,133,0.5990990990990991,1,89,0.4009009009009009
2729,1,113,0.509009009009009,1,69,0.3108108108108108
2730,1,93,0.4189189189189189,1,49,0.22072072072072071
2731,1,73,0.32882882882882886,1,29,0.13063063063063063
2732,1,53,0.23873873873873874,1,9,0.04054054054054054
2733,1,33,0.14864864864864866,0,-1,-1.0
2734,1,13,0.05855855855855856,1,212,0.954954954954955
2735,1,28,0.12612612612612611,1,207,0.9324324324324325
2736,1,8,0.036036036036036036,1,187,0.8423423423423423
2737,1,182,0.8198198198198198,1,167,0.7522522522522522
2738,1,162,0.7297297297297297,1,147,0.6621621621621622
2739,1,142,0.6396396396396397,1,127,0.5720720720720721
2740,1,122,0.5495495495495496,1,107,0.481981981981982
2741,1,102,0.4594594594594595,1,87,0.3918918918918919
2742,1,82,0.36936936936936937,1,67,0.30180180180180183
2743,1,62,0.27927927927927926,1,47,0.21171171171171171
2744,1,42,0.1891891891891892,1,27,0.12162162162162163
2745,1,22,0.0990990990990991,1,7,0.03153153153153153
2746,1,2,0.009009009009009009,0,-1,-1.0
2747,0,-1,-1.0,0,-1,-1.0
2748,0,-1,-1.0,0,-1,-1.0
2749,0,-1,-1.0,1,219,0.9864864864864865
2750,1,214,0.963963963963964,1,199,0.8963963963963963
2751,1,194,0.8738738738738738,1,179,0.8063063063063063
2752,1,174,0.7837837837837838,1,159,0.7162162162162162
2753,1,154,0.6936936936936937,1,139,0.6261261261261262
2754,1,134,0.6036036036036037,1,119,0.536036036036036
2755,1,114,0.5135135135135135,1,99,0.44594594594594594
2756,1,94,0.42342342342342343,1,79,0.35585585585585583
2757,1,74,0.3333333333333333,1,59,0.26576576576576577
2758,1,54,0.24324324324324326,1,39,0.17567567567567569
2759,1,34,0.15315315315315314,1,19,0.08558558558558559
2760,1,14,0.06306306306306306,1,203,0.9144144144144144
2761,1,198,0.8918918918918919,1,183,0.8243243243243243
2762,1,178,0.8018018018018018,1,163,0.7342342342342343
2763,1,158,0.7117117117117117,1,143,0.6441441441441441
2764,1,138,0.6216216216216216,1,123,0.5540540540540541
2765,1,118,0.5315315315315315,1,103,0.46396396396396394
2766,1,98,0.44144144144144143,1,83,0.3738738738738739
2767,1,78,0.35135135135135137,1,63,0.28378378378378377
2768,1,58,0.26126126126126126,1,43,0.19369369369369369
2769,1,38,0.17117117117117117,1,23,0.1036036036036036
2770,1,18,0.08108108108108109,1,3,0.013513513513513514
2771,0,-1,-1.0,1,209,0.9414414414414415
2772,0,-1,-1.0,1,189,0.8513513513513513
2773,1,44,0.1981981981981982,1,186,0.8378378378378378
2774,1,24,0.10810810810810811,1,166,0.7477477477477478
2775,1,4,0.018018018018018018,1,146,0.6576576576576577
2776,1,149,0.6711711711711712,1,126,0.5675675675675675
2777,1,129,0.581081081081081,1,106,0.4774774774774775
2778,1,109,0.49099099099099097,1,86,0.38738738738738737
2779,1,89,0.4009009009009009,1,66,0.2972972972972973
2780,1,69,0.3108108108108108,1,46,0.2072072072072072
2781,1,49,0.22072072072072071,1,26,0.11711711711711711
2782,1,29,0.13063063063063063,1,6,0.02702702702702703
2783,1,9,0.04054054054054054,0,-1,-1.0
2784,0,-1,-1.0,0,-1,-1.0
2785,0,-1,-1.0,0,-1,-1.0
2786,0,-1,-1.0,0,-1,-1.0
2787,0,-1,-1.0,0,-1,-1.0
2788,0,-1,-1.0,1,216,0.972972972972973
2789,1,219,0.9864864864864865,1,196,0.8828828828828829
2790,1,199,0.8963963963963963,1,176,0.7927927927927928
2791,1,179,0.8063063063063063,1,156,0.7027027027027027
2792,1,159,0.7162162162162162,1,136,0.6126126126126126
2793,1,139,0.6261261261261262,1,116,0.5225225225225225
2794,1,119,0.536036036036036,1,96,0.43243243243243246
2795,1,99,0.44594594594594594,1,76,0.34234234234234234
2796,1,79,0.35585585585585583,1,56,0.25225225225225223
2797,1,59,0.26576576576576577,1,36,0.16216216216216217
2798,1,39,0.17567567567567569,1,16,0.07207207207207207
2799,1,19,0.08558558558558559,1,220,0.990990990990991
2800,0,-1,-1.0,1,200,0.9009009009009009
2801,1,203,0.9144144144144144,1,180,0.8108108108108109
2802,1,183,0.8243243243243243,1,160,0.7207207207207207
2803,1,163,0.7342342342342343,1,140,0.6306306306306306
2804,1,143,0.6441441441441441,1,120,0.5405405405405406
2805,1,123,0.5540540540540541,1,100,0.45045045045045046
2806,1,103,0.46396396396396394,1,80,0.36036036036036034
2807,1,83,0.3738738738738739,1,60,0.2702702702702703
2808,1,63,0.28378378378378377,1,40,0.18018018018018017
2809,1,43,0.19369369369369369,1,20,0.09009009009009009
2810,1,23,0.1036036036036036,1,0,0.0
2811,1,3,0.013513513513513514,1,222,1.0
2812,0,-1,-1.0,1,202,0.9099099099099099
2813,1,86,0.38738738738738737,0,-1,-1.0
2814,1,66,0.2972972972972973,0,-1,-1.0
2815,1,46,0.2072072072072072,0,-1,-1.0
2816,1,26,0.11711711711711711,0,-1,-1.0
2817,1,6,0.02702702702702703,0,-1,-1.0
2818,0,-1,-1.0,0,-1,-1.0
2819,0,-1,-1.0,1,217,0.9774774774774775
2820,0,-1,-1.0,1,197,0.8873873873873874
2821,1,221,0.9954954954954955,1,177,0.7972972972972973
2822,1,201,0.9054054054054054,1,157,0.7072072072072072
2823,1,181,0.8153153153153153,1,137,0.6171171171171171
2824,1,161,0.7252252252252253,1,117,0.527027027027027
2825,1,141,0.6351351351351351,1,97,0.4369369369369369
2826,1,121,0.545045045045045,1,77,0.34684684684684686
2827,1,101,0.45495495495495497,1,57,0.25675675675675674
2828,1,81,0.36486486486486486,1,37,0.16666666666666666
2829,1,61,0.2747747747747748,1,17,0.07657657657657657
2830,1,41,0.18468468468468469,0,-1,-1.0
2831,1,21,0.0945945945945946,1,205,0.9234234234234234
2832,1,1,0.0045045045045045045,1,185,0.8333333333333334
2833,1,209,0.9414414414414415,1,165,0.7432432432432432
2834,1,189,0.8513513513513513,1,145,0.6531531531531531
2835,1,169,0.7612612612612613,1,125,0.5630630630630631
2836,1,149,0.6711711711711712,1,105,0.47297297297297297
2837,1,129,0.581081081081081,1,85,0.38288288288288286
2838,1,109,0.49099099099099097,1,65,0.2927927927927928
2839,1,89,0.4009009009009009,1,45,0.20270270270270271
2840,1,69,0.3108108108108108,1,25,0.11261261261261261
2841,1,49,0.22072072072072071,1,5,0.02252252252252252
2842,1,29,0.13063063063063063,0,-1,-1.0
2843,1,9,0.04054054054054054,1,207,0.9324324324324325
2844,1,24,0.10810810810810811,0,-1,-1.0
2845,1,4,0.018018018018018018,0,-1,-1.0
2846,0,-1,-1.0,1,212,0.954954954954955
2847,1,205,0.9234234234234234,1,192,0.8648648648648649
2848,1,185,0.8333333333333334,1,172,0.7747747747747747
2849,1,165,0.7432432432432432,1,152,0.6846846846846847
2850,1,145,0.6531531531531531,1,132,0.5945945945945946
2851,1,125,0.5630630630630631,1,112,0.5045045045045045
2852,1,105,0.47297297297297297,1,92,0.4144144144144144
2853,1,85,0.38288288288288286,1,72,0.32432432432432434
2854,1,65,0.2927927927927928,1,52,0.23423423423423423
2855,1,45,0.20270270270270271,1,32,0.14414414414414414
2856,1,25,0.11261261261261261,1,12,0.05405405405405406
2857,1,5,0.02252252252252252,1,213,0.9594594594594594
2858,1,206,0.9279279279279279,1,193,0.8693693693693694
2859,1,186,0.8378378378378378,1,173,0.7792792792792793
2860,1,166,0.7477477477477478,1,153,0.6891891891891891
2861,1,146,0.6576576576576577,1,133,0.5990990990990991
2862,1,126,0.5675675675675675,1,113,0.509009009009009
2863,1,106,0.4774774774774775,1,93,0.4189189189189189
2864,1,86,0.38738738738738737,1,73,0.32882882882882886
2865,1,66,0.2972972972972973,1,53,0.23873873873873874
2866,1,46,0.2072072072072072,1,33,0.14864864864864866
2867,1,26,0.11711711711711711,1,13,0.05855855855855856
2868,1,6,0.02702702702702703,0,-1,-1.0
2869,0,-1,-1.0,0,-1,-1.0
2870,0,-1,-1.0,1,213,0.9594594594594594
2871,1,206,0.9279279279279279,1,193,0.8693693693693694
2872,1,186,0.8378378378378378,1,173,0.7792792792792793
2873,1,166,0.7477477477477478,1,153,0.6891891891891891
2874,1,146,0.6576576576576577,1,133,0.5990990990990991
2875,1,126,0.5675675675675675,1,113,0.509009009009009
2876,1,106,0.4774774774774775,1,93,0.4189189189189189
2877,1,86,0.38738738738738737,1,73,0.32882882882882886
2878,1,66,0.2972972972972973,1,53,0.23873873873873874
2879,1,46,0.2072072072072072,1,33,0.14864864864864866
2880,1,66,0.2972972972972973,0,-1,-1.0
2881,1,46,0.2072072072072072,0,-1,-1.0
2882,1,26,0.11711711711711711,0,-1,-1.0
2883,1,6,0.02702702702702703,0,-1,-1.0
2884,0,-1,-1.0,0,-1,-1.0
2885,0,-1,-1.0,1,213,0.9594594594594594
2886,0,-1,-1.0,1,193,0.8693693693693694
2887,1,207,0.9324324324324325,1,173,0.7792792792792793
2888,1,187,0.8423423423423423,1,153,0.6891891891891891
2889,1,167,0.7522522522522522,1,133,0.5990990990990991
2890,1,147,0.6621621621621622,1,113,0.509009009009009
2891,1,127,0.5720720720720721,1,93,0.4189189189189189
2892,1,107,0.481981981981982,1,73,0.32882882882882886
2893,1,87,0.3918918918918919,1,53,0.23873873873873874
2894,1,67,0.30180180180180183,1,33,0.14864864864864866
2895,1,47,0.21171171171171171,1,13,0.05855855855855856
2896,1,27,0.12162162162162163,1,203,0.9144144144144144
2897,1,7,0.03153153153153153,1,183,0.8243243243243243
2898,1,197,0.8873873873873874,1,163,0.7342342342342343
2899,1,177,0.7972972972972973,1,143,0.6441441441441441
2900,1,157,0.7072072072072072,1,123,0.5540540540540541
2901,1,137,0.6171171171171171,1,103,0.46396396396396394
2902,1,117,0.527027027027027,1,83,0.3738738738738739
2903,1,97,0.4369369369369369,1,63,0.28378378378378377
2904,1,77,0.34684684684684686,1,43,0.19369369369369369
2905,1,57,0.25675675675675674,1,23,0.1036036036036036
2906,1,37,0.16666666666666666,1,3,0.013513513513513514
2907,1,17,0.07657657657657657,0,-1,-1.0
2908,0,-1,-1.0,0,-1,-1.0
2909,0,-1,-1.0,0,-1,-1.0
2910,0,-1,-1.0,0,-1,-1.0
2911,0,-1,-1.0,1,207,0.9324324324324325
2912,1,221,0.9954954954954955,1,187,0.8423423423423423
2913,1,201,0.9054054054054054,1,167,0.7522522522522522
2914,1,181,0.8153153153153153,1,147,0.6621621621621622
2915,1,161,0.7252252252252253,1,127,0.5720720720720721
2916,1,141,0.6351351351351351,1,107,0.481981981981982
2917,1,121,0.545045045045045,1,87,0.3918918918918919
2918,1,101,0.45495495495495497,1,67,0.30180180180180183
2919,1,81,0.36486486486486486,1,47,0.21171171171171171
2920,1,61,0.2747747747747748,1,27,0.12162162162162163
2921,1,41,0.18468468468468469,1,7,0.03153153153153153
2922,1,21,0.0945945945945946,0,-1,-1.0
2923,1,1,0.0045045045045045045,1,208,0.9369369369369369
2924,0,-1,-1.0,1,188,0.8468468468468469
2925,1,26,0.11711711711711711,0,-1,-1.0
2926,1,6,0.02702702702702703,0,-1,-1.0
2927,0,-1,-1.0,1,215,0.9684684684684685
2928,1,209,0.9414414414414415,1,195,0.8783783783783784
2929,1,189,0.8513513513513513,1,175,0.7882882882882883
2930,1,169,0.7612612612612613,1,155,0.6981981981981982
2931,1,149,0.6711711711711712,1,135,0.6081081081081081
2932,1,129,0.581081081081081,1,115,0.5180180180180181
2933,1,109,0.49099099099099097,1,95,0.42792792792792794
2934,1,89,0.4009009009009009,1,75,0.33783783783783783
2935,1,69,0.3108108108108108,1,55,0.24774774774774774
2936,1,49,0.22072072072072071,1,35,0.15765765765765766
2937,1,29,0.13063063063063063,1,15,0.06756756756756757
2938,1,9,0.04054054054054054,0,-1,-1.0
2939,0,-1,-1.0,1,218,0.9819819819819819
2940,1,212,0.954954954954955,1,198,0.8918918918918919
2941,1,192,0.8648648648648649,1,178,0.8018018018018018
2942,1,172,0.7747747747747747,1,158,0.7117117117117117
2943,1,152,0.6846846846846847,1,138,0.6216216216216216
2944,1,132,0.5945945945945946,1,118,0.5315315315315315
2945,1,112,0.5045045045045045,1,98,0.44144144144144143
2946,1,92,0.4144144144144144,1,78,0.35135135135135137
2947,1,72,0.32432432432432434,1,58,0.26126126126126126
2948,1,52,0.23423423423423423,1,38,0.17117117117117117
2949,1,32,0.14414414414414414,1,18,0.08108108108108109
2950,1,56,0.25225225225225223,0,-1,-1.0
2951,1,36,0.16216216216216217,0,-1,-1.0
2952,1,16,0.07207207207207207,0,-1,-1.0
2953,0,-1,-1.0,0,-1,-1.0
2954,0,-1,-1.0,0,-1,-1.0
2955,0,-1,-1.0,1,208,0.9369369369369369
2956,1,217,0.9774774774774775,1,188,0.8468468468468469
2957,1,197,0.8873873873873874,1,168,0.7567567567567568
2958,1,177,0.7972972972972973,1,148,0.6666666666666666
2959,1,157,0.7072072072072072,1,128,0.5765765765765766
2960,1,137,0.6171171171171171,1,108,0.4864864864864865
2961,1,117,0.527027027027027,1,88,0.3963963963963964
2962,1,97,0.4369369369369369,1,68,0.3063063063063063
2963,1,77,0.34684684684684686,1,48,0.21621621621621623
2964,1,57,0.25675675675675674,1,28,0.12612612612612611
2965,1,37,0.16666666666666666,1,8,0.036036036036036036
2966,1,17,0.07657657657657657,1,204,0.918918918918919
2967,1,213,0.9594594594594594,1,184,0.8288288288288288
2968,1,193,0.8693693693693694,1,164,0.7387387387387387
2969,1,173,0.7792792792792793,1,144,0.6486486486486487
2970,1,153,0.6891891891891891,1,124,0.5585585585585585
2971,1,133,0.5990990990990991,1,104,0.46846846846846846
2972,1,113,0.509009009009009,1,84,0.3783783783783784
2973,1,93,0.4189189189189189,1,64,0.2882882882882883
2974,1,73,0.32882882882882886,1,44,0.1981981981981982
2975,1,53,0.23873873873873874,1,24,0.10810810810810811
2976,1,33,0.14864864864864866,1,4,0.018018018018018018
2977,1,13,0.05855855855855856,0,-1,-1.0
2978,0,-1,-1.0,0,-1,-1.0
2979,0,-1,-1.0,0,-1,-1.0
2980,0,-1,-1.0,1,222,1.0
2981,0,-1,-1.0,1,202,0.9099099099099099
2982,1,211,0.9504504504504504,1,182,0.8198198198198198
2983,1,191,0.8603603603603603,1,162,0.7297297297297297
2984,1,171,0.7702702702702703,1,142,0.6396396396396397
2985,1,151,0.6801801801801802,1,122,0.5495495495495496
2986,1,131,0.5900900900900901,1,102,0.4594594594594595
2987,1,111,0.5,1,82,0.36936936936936937
2988,1,91,0.4099099099099099,1,62,0.27927927927927926
2989,1,71,0.31981981981981983,1,42,0.1891891891891892
2990,1,51,0.22972972972972974,1,22,0.0990990990990991
2991,1,31,0.13963963963963963,1,2,0.009009009009009009
2992,1,11,0.04954954954954955,0,-1,-1.0
2993,0,-1,-1.0,0,-1,-1.0
2994,0,-1,-1.0,0,-1,-1.0
2995,0,-1,-1.0,1,207,0.9324324324324325
2996,1,40,0.18018018018018017,0,-1,-1.0
2997,1,20,0.09009009009009009,0,-1,-1.0
2998,1,0,0.0,0,-1,-1.0
2999,0,-1,-1.0,1,210,0.9459459459459459
3000,1,211,0.9504504504504504,1,190,0.8558558558558559
3001,1,191,0.8603603603603603,1,170,0.7657657657657657
3002,1,171,0.7702702702702703,1,150,0.6756756756756757
3003,1,151,0.6801801801801802,1,130,0.5855855855855856
3004,1,131,0.5900900900900901,1,110,0.4954954954954955
3005,1,111,0.5,1,90,0.40540540540540543
3006,1,91,0.4099099099099099,1,70,0.3153153153153153
3007,1,71,0.31981981981981983,1,50,0.22522522522522523
3008,1,51,0.22972972972972974,1,30,0.13513513513513514
3009,1,31,0.13963963963963963,1,10,0.04504504504504504
3010,1,11,0.04954954954954955,0,-1,-1.0
3011,0,-1,-1.0,0,-1,-1.0
3012,0,-1,-1.0,0,-1,-1.0
3013,0,-1,-1.0,0,-1,-1.0
3014,0,-1,-1.0,1,204,0.918918918918919
3015,1,205,0.9234234234234234,1,184,0.8288288288288288
3016,1,185,0.8333333333333334,1,164,0.7387387387387387
3017,1,165,0.7432432432432432,1,144,0.6486486486486487
3018,1,145,0.6531531531531531,1,124,0.5585585585585585
3019,1,125,0.5630630630630631,1,104,0.46846846846846846
3020,1,105,0.47297297297297297,1,84,0.3783783783783784
3021,1,85,0.38288288288288286,1,64,0.2882882882882883
3022,1,65,0.2927927927927928,1,44,0.1981981981981982
3023,1,45,0.20270270270270271,1,24,0.10810810810810811
3024,1,25,0.11261261261261261,1,4,0.018018018018018018
3025,1,5,0.02252252252252252,0,-1,-1.0
3026,0,-1,-1.0,0,-1,-1.0
3027,0,-1,-1.0,0,-1,-1.0
3028,0,-1,-1.0,0,-1,-1.0
3029,0,-1,-1.0,0,-1,-1.0
3030,0,-1,-1.0,1,217,0.9774774774774775
3031,1,218,0.9819819819819819,1,197,0.8873873873873874
3032,1,198,0.8918918918918919,1,177,0.7972972972972973
3033,1,178,0.8018018018018018,1,157,0.7072072072072072
3034,1,158,0.7117117117117117,1,137,0.6171171171171171
3035,1,138,0.6216216216216216,1,117,0.527027027027027
3036,1,118,0.5315315315315315,1,97,0.4369369369369369
3037,1,98,0.44144144144144143,1,77,0.34684684684684686
3038,1,78,0.35135135135135137,1,57,0.25675675675675674
3039,1,58,0.26126126126126126,1,37,0.16666666666666666
3040,1,38,0.17117117117117117,1,17,0.07657657657657657
3041,1,18,0.08108108108108109,0,-1,-1.0
3042,0,-1,-1.0,1,220,0.990990990990991
3043,0,-1,-1.0,1,200,0.9009009009009009
3044,1,50,0.22522522522522523,0,-1,-1.0
3045,1,30,0.13513513513513514,0,-1,-1.0
3046,1,10,0.04504504504504504,0,-1,-1.0
3047,0,-1,-1.0,1,219,0.9864864864864865
3048,0,-1,-1.0,1,199,0.8963963963963963
3049,1,205,0.9234234234234234,1,179,0.8063063063063063
3050,1,185,0.8333333333333334,1,159,0.7162162162162162
3051,1,165,0.7432432432432432,1,139,0.6261261261261262
3052,1,145,0.6531531531531531,1,119,0.536036036036036
3053,1,125,0.5630630630630631,1,99,0.44594594594594594
3054,1,105,0.47297297297297297,1,79,0.35585585585585583
3055,1,85,0.38288288288288286,1,59,0.26576576576576577
3056,1,65,0.2927927927927928,1,39,0.17567567567567569
3057,1,45,0.20270270270270271,1,19,0.08558558558558559
3058,1,25,0.11261261261261261,1,193,0.8693693693693694
3059,1,5,0.02252252252252252,1,173,0.7792792792792793
3060,1,179,0.8063063063063063,1,153,0.6891891891891891
3061,1,159,0.7162162162162162,1,133,0.5990990990990991
3062,1,139,0.6261261261261262,1,113,0.509009009009009
3063,1,119,0.536036036036036,1,93,0.4189189189189189
3064,1,99,0.44594594594594594,1,73,0.32882882882882886
3065,1,79,0.35585585585585583,1,53,0.23873873873873874
3066,1,59,0.26576576576576577,1,33,0.14864864864864866
3067,1,39,0.17567567567567569,1,13,0.05855855855855856
3068,1,19,0.08558558558558559,1,216,0.972972972972973
3069,1,52,0.23423423423423423,0,-1,-1.0
3070,1,32,0.14414414414414414,0,-1,-1.0
3071,1,12,0.05405405405405406,0,-1,-1.0
3072,0,-1,-1.0,1,210,0.9459459459459459
3073,1,217,0.9774774774774775,1,190,0.8558558558558559
3074,1,197,0.8873873873873874,1,170,0.7657657657657657
3075,1,177,0.7972972972972973,1,150,0.6756756756756757
3076,1,157,0.7072072072072072,1,130,0.5855855855855856
3077,1,137,0.6171171171171171,1,110,0.4954954954954955
3078,1,117,0.527027027027027,1,90,0.40540540540540543
3079,1,97,0.4369369369369369,1,70,0.3153153153153153
3080,1,77,0.34684684684684686,1,50,0.22522522522522523
3081,1,57,0.25675675675675674,1,30,0.13513513513513514
3082,1,37,0.16666666666666666,1,10,0.04504504504504504
3083,1,17,0.07657657657657657,0,-1,-1.0
3084,0,-1,-1.0,0,-1,-1.0
3085,0,-1,-1.0,0,-1,-1.0
3086,0,-1,-1.0,0,-1,-1.0
3087,0,-1,-1.0,0,-1,-1.0
3088,0,-1,-1.0,1,217,0.9774774774774775
3089,0,-1,-1.0,1,197,0.8873873873873874
3090,1,204,0.918918918918919,1,177,0.7972972972972973
3091,1,184,0.8288288288288288,1,157,0.7072072072072072
3092,1,164,0.7387387387387387,1,137,0.6171171171171171
3093,1,144,0.6486486486486487,1,117,0.527027027027027
3094,1,124,0.5585585585585585,1,97,0.4369369369369369
3095,1,104,0.46846846846846846,1,77,0.34684684684684686
3096,1,84,0.3783783783783784,1,57,0.25675675675675674
3097,1,64,0.2882882882882883,1,37,0.16666666666666666
3098,1,44,0.1981981981981982,1,17,0.07657657657657657
3099,1,24,0.10810810810810811,1,186,0.8378378378378378
3100,1,4,0.018018018018018018,1,166,0.7477477477477478
3101,1,173,0.7792792792792793,1,146,0.6576576576576577
3102,1,153,0.6891891891891891,1,126,0.5675675675675675
3103,1,133,0.5990990990990991,1,106,0.4774774774774775
3104,1,113,0.509009009009009,1,86,0.38738738738738737
3105,1,93,0.4189189189189189,1,66,0.2972972972972973
3106,1,73,0.32882882882882886,1,46,0.2072072072072072
3107,1,53,0.23873873873873874,1,26,0.11711711711711711
3108,1,33,0.14864864864864866,1,6,0.02702702702702703
3109,1,13,0.05855855855855856,0,-1,-1.0
3110,0,-1,-1.0,0,-1,-1.0
3111,0,-1,-1.0,0,-1,-1.0
3112,0,-1,-1.0,1,222,1.0
3113,0,-1,-1.0,1,202,0.9099099099099099
3114,1,78,0.35135135135135137,0,-1,-1.0
3115,1,58,0.26126126126126126,0,-1,-1.0
3116,1,38,0.17117117117117117,1,210,0.9459459459459459
3117,1,18,0.08108108108108109,1,190,0.8558558558558559
3118,1,210,0.9459459459459459,1,170,0.7657657657657657
3119,1,190,0.8558558558558559,1,150,0.6756756756756757
3120,1,170,0.7657657657657657,1,130,0.5855855855855856
3121,1,150,0.6756756756756757,1,110,0.4954954954954955
3122,1,130,0.5855855855855856,1,90,0.40540540540540543
3123,1,110,0.4954954954954955,1,70,0.3153153153153153
3124,1,90,0.40540540540540543,1,50,0.22522522522522523
3125,1,70,0.3153153153153153,1,30,0.13513513513513514
3126,1,50,0.22522522522522523,1,10,0.04504504504504504
3127,1,30,0.13513513513513514,1,192,0.8648648648648649
3128,1,10,0.04504504504504504,1,172,0.7747747747747747
3129,1,192,0.8648648648648649,1,152,0.6846846846846847
3130,1,172,0.7747747747747747,1,132,0.5945945945945946
3131,1,152,0.6846846846846847,1,112,0.5045045045045045
3132,1,132,0.5945945945945946,1,92,0.4144144144144144
3133,1,112,0.5045045045045045,1,72,0.32432432432432434
3134,1,92,0.4144144144144144,1,52,0.23423423423423423
3135,1,72,0.32432432432432434,1,32,0.14414414414414414
3136,1,52,0.23423423423423423,1,12,0.05405405405405406
3137,1,32,0.14414414414414414,0,-1,-1.0
3138,1,12,0.05405405405405406,0,-1,-1.0
3139,0,-1,-1.0,1,210,0.9459459459459459
3140,0,-1,-1.0,1,190,0.8558558558558559
3141,1,210,0.9459459459459459,1,170,0.7657657657657657
3142,1,190,0.8558558558558559,1,150,0.6756756756756757
3143,1,170,0.7657657657657657,1,130,0.5855855855855856
3144,1,150,0.6756756756756757,1,110,0.4954954954954955
3145,1,130,0.5855855855855856,1,90,0.40540540540540543
3146,1,110,0.4954954954954955,1,70,0.3153153153153153
3147,1,90,0.40540540540540543,1,50,0.22522522522522523
3148,1,70,0.3153153153153153,1,30,0.13513513513513514
3149,1,50,0.22522522522522523,1,10,0.04504504504504504
3150,1,30,0.13513513513513514,0,-1,-1.0
3151,1,10,0.04504504504504504,0,-1,-1.0
3152,0,-1,-1.0,1,212,0.954954954954955
3153,0,-1,-1.0,1,192,0.8648648648648649
3154,1,76,0.34234234234234234,0,-1,-1.0
3155,1,56,0.25225225225225223,0,-1,-1.0
3156,1,36,0.16216216216216217,0,-1,-1.0
3157,1,16,0.07207207207207207,0,-1,-1.0
3158,0,-1,-1.0,0,-1,-1.0
3159,0,-1,-1.0,0,-1,-1.0
3160,0,-1,-1.0,0,-1,-1.0
3161,0,-1,-1.0,1,206,0.9279279279279279
3162,0,-1,-1.0,1,186,0.8378378378378378
3163,1,205,0.9234234234234234,1,166,0.7477477477477478
3164,1,185,0.8333333333333334,1,146,0.6576576576576577
3165,1,165,0.7432432432432432,1,126,0.5675675675675675
3166,1,145,0.6531531531531531,1,106,0.4774774774774775
3167,1,125,0.5630630630630631,1,86,0.38738738738738737
3168,1,105,0.47297297297297297,1,66,0.2972972972972973
3169,1,85,0.38288288288288286,1,46,0.2072072072072072
3170,1,65,0.2927927927927928,1,26,0.11711711711711711
3171,1,45,0.20270270270270271,1,6,0.02702702702702703
3172,1,25,0.11261261261261261,1,206,0.9279279279279279
3173,1,5,0.02252252252252252,1,186,0.8378378378378378
3174,1,205,0.9234234234234234,1,166,0.7477477477477478
3175,1,185,0.8333333333333334,1,146,0.6576576576576577
3176,1,165,0.7432432432432432,1,126,0.5675675675675675
3177,1,145,0.6531531531531531,1,106,0.4774774774774775
3178,1,125,0.5630630630630631,1,86,0.38738738738738737
3179,1,105,0.47297297297297297,1,66,0.2972972972972973
3180,1,85,0.38288288288288286,1,46,0.2072072072072072
3181,1,65,0.2927927927927928,1,26,0.11711711711711711
3182,1,45,0.20270270270270271,1,6,0.02702702702702703
3183,1,25,0.11261261261261261,0,-1,-1.0
3184,1,5,0.02252252252252252,1,214,0.963963963963964
3185,0,-1,-1.0,1,194,0.8738738738738738
3186,1,60,0.2702702702702703,0,-1,-1.0
3187,1,40,0.18018018018018017,0,-1,-1.0
3188,1,20,0.09009009009009009,0,-1,-1.0
3189,1,0,0.0,0,-1,-1.0
3190,0,-1,-1.0,0,-1,-1.0
3191,0,-1,-1.0,0,-1,-1.0
3192,0,-1,-1.0,1,204,0.918918918918919
3193,1,215,0.9684684684684685,1,184,0.8288288288288288
3194,1,195,0.8783783783783784,1,164,0.7387387387387387
3195,1,175,0.7882882882882883,1,144,0.6486486486486487
3196,1,155,0.6981981981981982,1,124,0.5585585585585585
3197,1,135,0.6081081081081081,1,104,0.46846846846846846
3198,1,115,0.5180180180180181,1,84,0.3783783783783784
3199,1,95,0.42792792792792794,1,64,0.2882882882882883
3200,1,75,0.33783783783783783,1,44,0.1981981981981982
3201,1,55,0.24774774774774774,1,24,0.10810810810810811
3202,1,35,0.15765765765765766,1,4,0.018018018018018018
3203,1,15,0.06756756756756757,0,-1,-1.0
3204,0,-1,-1.0,0,-1,-1.0
3205,0,-1,-1.0,1,206,0.9279279279279279
3206,1,217,0.9774774774774775,1,186,0.8378378378378378
3207,1,197,0.8873873873873874,1,166,0.7477477477477478
3208,1,177,0.7972972972972973,1,146,0.6576576576576577
3209,1,157,0.7072072072072072,1,126,0.5675675675675675
3210,1,137,0.6171171171171171,1,106,0.4774774774774775
3211,1,117,0.527027027027027,1,86,0.38738738738738737
3212,1,97,0.4369369369369369,1,66,0.2972972972972973
3213,1,77,0.34684684684684686,1,46,0.2072072072072072
3214,1,57,0.25675675675675674,1,26,0.11711711711711711
3215,1,37,0.16666666666666666,1,6,0.02702702702702703
3216,1,17,0.07657657657657657,0,-1,-1.0
3217,0,-1,-1.0,0,-1,-1.0
3218,0,-1,-1.0,0,-1,-1.0
3219,0,-1,-1.0,0,-1,-1.0
3220,0,-1,-1.0,1,203,0.9144144144144144
3221,1,82,0.36936936936936937,0,-1,-1.0
3222,1,62,0.27927927927927926,0,-1,-1.0
3223,1,42,0.1891891891891892,1,216,0.972972972972973
3224,1,22,0.0990990990990991,1,196,0.8828828828828829
3225,1,2,0.009009009009009009,1,176,0.7927927927927928
3226,1,198,0.8918918918918919,1,156,0.7027027027027027
3227,1,178,0.8018018018018018,1,136,0.6126126126126126
3228,1,158,0.7117117117117117,1,116,0.5225225225225225
3229,1,138,0.6216216216216216,1,96,0.43243243243243246
3230,1,118,0.5315315315315315,1,76,0.34234234234234234
3231,1,98,0.44144144144144143,1,56,0.25225225225225223
3232,1,78,0.35135135135135137,1,36,0.16216216216216217
3233,1,58,0.26126126126126126,1,16,0.07207207207207207
3234,1,38,0.17117117117117117,0,-1,-1.0
3235,1,18,0.08108108108108109,0,-1,-1.0
3236,0,-1,-1.0,0,-1,-1.0
3237,0,-1,-1.0,1,216,0.972972972972973
3238,0,-1,-1.0,1,196,0.8828828828828829
3239,1,218,0.9819819819819819,1,176,0.7927927927927928
3240,1,198,0.8918918918918919,1,156,0.7027027027027027
3241,1,178,0.8018018018018018,1,136,0.6126126126126126
3242,1,158,0.7117117117117117,1,116,0.5225225225225225
3243,1,138,0.6216216216216216,1,96,0.43243243243243246
3244,1,118,0.5315315315315315,1,76,0.34234234234234234
3245,1,98,0.44144144144144143,1,56,0.25225225225225223
3246,1,78,0.35135135135135137,1,36,0.16216216216216217
3247,1,58,0.26126126126126126,1,16,0.07207207207207207
3248,1,38,0.17117117117117117,0,-1,-1.0
3249,1,18,0.08108108108108109,0,-1,-1.0
3250,0,-1,-1.0,0,-1,-1.0
3251,0,-1,-1.0,0,-1,-1.0
3252,0,-1,-1.0,0,-1,-1.0
3253,0,-1,-1.0,1,215,0.9684684684684685
3254,0,-1,-1.0,1,195,0.8783783783783784
3255,1,217,0.9774774774774775,1,175,0.7882882882882883
3256,1,197,0.8873873873873874,1,155,0.6981981981981982
3257,1,177,0.7972972972972973,1,135,0.6081081081081081
3258,1,157,0.7072072072072072,1,115,0.5180180180180181
3259,1,137,0.6171171171171171,1,95,0.42792792792792794
3260,1,117,0.527027027027027,1,75,0.33783783783783783
3261,1,97,0.4369369369369369,1,55,0.24774774774774774
3262,1,77,0.34684684684684686,1,35,0.15765765765765766
3263,1,57,0.25675675675675674,1,15,0.06756756756756757
3264,1,42,0.1891891891891892,0,-1,-1.0
3265,1,22,0.0990990990990991,0,-1,-1.0
3266,1,2,0.009009009009009009,0,-1,-1.0
3267,0,-1,-1.0,0,-1,-1.0
3268,0,-1,-1.0,0,-1,-1.0
3269,0,-1,-1.0,0,-1,-1.0
3270,0,-1,-1.0,0,-1,-1.0
3271,0,-1,-1.0,1,209,0.9414414414414415
3272,1,211,0.9504504504504504,1,189,0.8513513513513513
3273,1,191,0.8603603603603603,1,169,0.7612612612612613
3274,1,171,0.7702702702702703,1,149,0.6711711711711712
3275,1,151,0.6801801801801802,1,129,0.581081081081081
3276,1,131,0.5900900900900901,1,109,0.49099099099099097
3277,1,111,0.5,1,89,0.4009009009009009
3278,1,91,0.4099099099099099,1,69,0.3108108108108108
3279,1,71,0.31981981981981983,1,49,0.22072072072072071
3280,1,51,0.22972972972972974,1,29,0.13063063063063063
3281,1,31,0.13963963963963963,1,9,0.04054054054054054
3282,1,11,0.04954954954954955,0,-1,-1.0
3283,0,-1,-1.0,1,209,0.9414414414414415
3284,1,211,0.9504504504504504,1,189,0.8513513513513513
3285,1,191,0.8603603603603603,1,169,0.7612612612612613
3286,1,171,0.7702702702702703,1,149,0.6711711711711712
3287,1,151,0.6801801801801802,1,129,0.581081081081081
3288,1,131,0.5900900900900901,1,109,0.49099099099099097
3289,1,111,0.5,1,89,0.4009009009009009
3290,1,91,0.4099099099099099,1,69,0.3108108108108108
3291,1,71,0.31981981981981983,1,49,0.22072072072072071
3292,1,51,0.22972972972972974,1,29,0.13063063063063063
3293,1,31,0.13963963963963963,1,9,0.04054054054054054
3294,1,11,0.04954954954954955,0,-1,-1.0
3295,0,-1,-1.0,1,213,0.9594594594594594
3296,1,215,0.9684684684684685,1,193,0.8693693693693694
3297,1,195,0.8783783783783784,1,173,0.7792792792792793
3298,1,175,0.7882882882882883,1,153,0.6891891891891891
3299,1,155,0.6981981981981982,1,133,0.5990990990990991
3300,1,135,0.6081081081081081,1,113,0.509009009009009
3301,1,115,0.5180180180180181,1,93,0.4189189189189189
3302,1,95,0.42792792792792794,1,73,0.32882882882882886
3303,1,75,0.33783783783783783,1,53,0.23873873873873874
3304,1,55,0.24774774774774774,1,33,0.14864864864864866
3305,1,35,0.15765765765765766,1,13,0.05855855855855856
3306,1,15,0.06756756756756757,0,-1,-1.0
3307,0,-1,-1.0,0,-1,-1.0
3308,0,-1,-1.0,0,-1,-1.0
3309,0,-1,-1.0,1,216,0.972972972972973
3310,0,-1,-1.0,1,196,0.8828828828828829
3311,1,54,0.24324324324324326,1,218,0.9819819819819819
3312,1,34,0.15315315315315314,1,198,0.8918918918918919
3313,1,14,0.06306306306306306,1,178,0.8018018018018018
3314,1,186,0.8378378378378378,1,158,0.7117117117117117
3315,1,166,0.7477477477477478,1,138,0.6216216216216216
3316,1,146,0.6576576576576577,1,118,0.5315315315315315
3317,1,126,0.5675675675675675,1,98,0.44144144144144143
3318,1,106,0.4774774774774775,1,78,0.35135135135135137
3319,1,86,0.38738738738738737,1,58,0.26126126126126126
3320,1,66,0.2972972972972973,1,38,0.17117117117117117
3321,1,46,0.2072072072072072,1,18,0.08108108108108109
3322,1,26,0.11711711711711711,0,-1,-1.0
3323,1,6,0.02702702702702703,0,-1,-1.0
3324,0,-1,-1.0,0,-1,-1.0
3325,0,-1,-1.0,0,-1,-1.0
3326,0,-1,-1.0,0,-1,-1.0
3327,0,-1,-1.0,0,-1,-1.0
3328,0,-1,-1.0,1,213,0.9594594594594594
3329,1,221,0.9954954954954955,1,193,0.8693693693693694
3330,1,201,0.9054054054054054,1,173,0.7792792792792793
3331,1,181,0.8153153153153153,1,153,0.6891891891891891
3332,1,161,0.7252252252252253,1,133,0.5990990990990991
3333,1,141,0.6351351351351351,1,113,0.509009009009009
3334,1,121,0.545045045045045,1,93,0.4189189189189189
3335,1,101,0.45495495495495497,1,73,0.32882882882882886
3336,1,81,0.36486486486486486,1,53,0.23873873873873874
3337,1,61,0.2747747747747748,1,33,0.14864864864864866
3338,1,41,0.18468468468468469,1,13,0.05855855855855856
3339,1,21,0.0945945945945946,1,195,0.8783783783783784
3340,1,1,0.0045045045045045045,1,175,0.7882882882882883
3341,1,183,0.8243243243243243,1,155,0.6981981981981982
3342,1,163,0.7342342342342343,1,135,0.6081081081081081
3343,1,143,0.6441441441441441,1,115,0.5180180180180181
3344,1,123,0.5540540540540541,1,95,0.42792792792792794
3345,1,103,0.46396396396396394,1,75,0.33783783783783783
3346,1,83,0.3738738738738739,1,55,0.24774774774774774
3347,1,63,0.28378378378378377,1,35,0.15765765765765766
3348,1,74,0.3333333333333333,0,-1,-1.0
3349,1,54,0.24324324324324326,0,-1,-1.0
3350,1,34,0.15315315315315314,0,-1,-1.0
3351,1,14,0.06306306306306306,0,-1,-1.0
3352,0,-1,-1.0,0,-1,-1.0
3353,0,-1,-1.0,0,-1,-1.0
3354,0,-1,-1.0,0,-1,-1.0
3355,0,-1,-1.0,0,-1,-1.0
3356,0,-1,-1.0,1,222,1.0
3357,0,-1,-1.0,1,202,0.9099099099099099
3358,1,220,0.990990990990991,1,182,0.8198198198198198
3359,1,200,0.9009009009009009,1,162,0.7297297297297297
3360,1,180,0.8108108108108109,1,142,0.6396396396396397
3361,1,160,0.7207207207207207,1,122,0.5495495495495496
3362,1,140,0.6306306306306306,1,102,0.4594594594594595
3363,1,120,0.5405405405405406,1,82,0.36936936936936937
3364,1,100,0.45045045045045046,1,62,0.27927927927927926
3365,1,80,0.36036036036036034,1,42,0.1891891891891892
3366,1,60,0.2702702702702703,1,22,0.0990990990990991
3367,1,40,0.18018018018018017,1,2,0.009009009009009009
3368,1,20,0.09009009009009009,0,-1,-1.0
3369,1,0,0.0,0,-1,-1.0
3370,0,-1,-1.0,0,-1,-1.0
3371,0,-1,-1.0,0,-1,-1.0
3372,0,-1,-1.0,1,220,0.990990990990991
3373,0,-1,-1.0,1,200,0.9009009009009009
3374,1,218,0.9819819819819819,1,180,0.8108108108108109
3375,1,198,0.8918918918918919,1,160,0.7207207207207207
3376,1,178,0.8018018018018018,1,140,0.6306306306306306
3377,1,158,0.7117117117117117,1,120,0.5405405405405406
3378,1,138,0.6216216216216216,1,100,0.45045045045045046
3379,1,118,0.5315315315315315,1,80,0.36036036036036034
3380,1,98,0.44144144144144143,1,60,0.2702702702702703
3381,1,78,0.35135135135135137,1,40,0.18018018018018017
3382,1,58,0.26126126126126126,1,20,0.09009009009009009
3383,1,38,0.17117117117117117,1,0,0.0
3384,1,18,0.08108108108108109,1,215,0.9684684684684685
3385,0,-1,-1.0,1,195,0.8783783783783784
3386,1,213,0.9594594594594594,1,175,0.7882882882882883
3387,1,193,0.8693693693693694,1,155,0.6981981981981982
3388,1,173,0.7792792792792793,1,135,0.6081081081081081
3389,1,153,0.6891891891891891,1,115,0.5180180180180181
3390,1,133,0.5990990990990991,1,95,0.42792792792792794
3391,1,113,0.509009009009009,1,75,0.33783783783783783
3392,1,93,0.4189189189189189,1,55,0.24774774774774774
3393,1,73,0.32882882882882886,1,35,0.15765765765765766
3394,1,53,0.23873873873873874,1,15,0.06756756756756757
3395,1,33,0.14864864864864866,0,-1,-1.0
3396,1,13,0.05855855855855856,0,-1,-1.0
3397,0,-1,-1.0,0,-1,-1.0
3398,0,-1,-1.0,0,-1,-1.0
3399,0,-1,-1.0,1,222,1.0
3400,0,-1,-1.0,1,202,0.9099099099099099
3401,1,72,0.32432432432432434,0,-1,-1.0
3402,1,52,0.23423423423423423,0,-1,-1.0
3403,1,32,0.14414414414414414,1,212,0.954954954954955
3404,1,12,0.05405405405405406,1,192,0.8648648648648649
3405,1,209,0.9414414414414415,1,172,0.7747747747747747
3406,1,189,0.8513513513513513,1,152,0.6846846846846847
3407,1,169,0.7612612612612613,1,132,0.5945945945945946
3408,1,149,0.6711711711711712,1,112,0.5045045045045045
3409,1,129,0.581081081081081,1,92,0.4144144144144144
3410,1,109,0.49099099099099097,1,72,0.32432432432432434
3411,1,89,0.4009009009009009,1,52,0.23423423423423423
3412,1,69,0.3108108108108108,1,32,0.14414414414414414
3413,1,49,0.22072072072072071,1,12,0.05405405405405406
3414,1,29,0.13063063063063063,1,209,0.9414414414414415
3415,1,9,0.04054054054054054,1,189,0.8513513513513513
3416,1,206,0.9279279279279279,1,169,0.7612612612612613
3417,1,186,0.8378378378378378,1,149,0.6711711711711712
3418,1,166,0.7477477477477478,1,129,0.581081081081081
3419,1,146,0.6576576576576577,1,109,0.49099099099099097
3420,1,126,0.5675675675675675,1,89,0.4009009009009009
3421,1,106,0.4774774774774775,1,69,0.3108108108108108
3422,1,86,0.38738738738738737,1,49,0.22072072072072071
3423,1,66,0.2972972972972973,1,29,0.13063063063063063
3424,1,46,0.2072072072072072,1,9,0.04054054054054054
3425,1,26,0.11711711711711711,0,-1,-1.0
3426,1,6,0.02702702702702703,1,207,0.9324324324324325
3427,0,-1,-1.0,1,187,0.8423423423423423
3428,1,204,0.918918918918919,1,167,0.7522522522522522
3429,1,184,0.8288288288288288,1,147,0.6621621621621622
3430,1,164,0.7387387387387387,1,127,0.5720720720720721
3431,1,144,0.6486486486486487,1,107,0.481981981981982
3432,1,124,0.5585585585585585,1,87,0.3918918918918919
3433,1,104,0.46846846846846846,1,67,0.30180180180180183
3434,1,84,0.3783783783783784,1,47,0.21171171171171171
3435,1,64,0.2882882882882883,1,27,0.12162162162162163
3436,1,44,0.1981981981981982,1,7,0.03153153153153153
3437,1,24,0.10810810810810811,0,-1,-1.0
3438,1,4,0.018018018018018018,0,-1,-1.0
3439,0,-1,-1.0,0,-1,-1.0
3440,0,-1,-1.0,1,220,0.990990990990991
3441,0,-1,-1.0,1,200,0.9009009009009009
3442,1,56,0.25225225225225223,1,217,0.9774774774774775
3443,1,36,0.16216216216216217,1,197,0.8873873873873874
3444,1,16,0.07207207207207207,1,177,0.7972972972972973
3445,1,186,0.8378378378378378,1,157,0.7072072072072072
3446,1,166,0.7477477477477478,1,137,0.6171171171171171
3447,1,146,0.6576576576576577,1,117,0.527027027027027
3448,1,126,0.5675675675675675,1,97,0.4369369369369369
3449,1,106,0.4774774774774775,1,77,0.34684684684684686
3450,1,86,0.38738738738738737,1,57,0.25675675675675674
3451,1,66,0.2972972972972973,1,37,0.16666666666666666
3452,1,46,0.2072072072072072,1,17,0.07657657657657657
3453,1,26,0.11711711711711711,1,172,0.7747747747747747
3454,1,6,0.02702702702702703,1,152,0.6846846846846847
3455,1,161,0.7252252252252253,1,132,0.5945945945945946
3456,1,141,0.6351351351351351,1,112,0.5045045045045045
3457,1,121,0.545045045045045,1,92,0.4144144144144144
3458,1,101,0.45495495495495497,1,72,0.32432432432432434
3459,1,81,0.36486486486486486,1,52,0.23423423423423423
3460,1,61,0.2747747747747748,1,32,0.14414414414414414
3461,1,41,0.18468468468468469,1,12,0.05405405405405406
3462,1,21,0.0945945945945946,0,-1,-1.0
3463,1,1,0.0045045045045045045,0,-1,-1.0
3464,0,-1,-1.0,1,210,0.9459459459459459
3465,1,219,0.9864864864864865,1,190,0.8558558558558559
3466,1,199,0.8963963963963963,1,170,0.7657657657657657
3467,1,179,0.8063063063063063,1,150,0.6756756756756757
3468,1,159,0.7162162162162162,1,130,0.5855855855855856
3469,1,139,0.6261261261261262,1,110,0.4954954954954955
3470,1,119,0.536036036036036,1,90,0.40540540540540543
3471,1,99,0.44594594594594594,1,70,0.3153153153153153
3472,1,79,0.35585585585585583,1,50,0.22522522522522523
3473,1,59,0.26576576576576577,1,30,0.13513513513513514
3474,1,39,0.17567567567567569,1,10,0.04504504504504504
3475,1,19,0.08558558558558559,0,-1,-1.0
3476,0,-1,-1.0,0,-1,-1.0
3477,0,-1,-1.0,0,-1,-1.0
3478,0,-1,-1.0,0,-1,-1.0
3479,0,-1,-1.0,0,-1,-1.0
3480,0,-1,-1.0,0,-1,-1.0
3481,0,-1,-1.0,1,210,0.9459459459459459
3482,0,-1,-1.0,1,190,0.8558558558558559
3483,1,64,0.2882882882882883,0,-1,-1.0
3484,1,44,0.1981981981981982,0,-1,-1.0
3485,1,24,0.10810810810810811,0,-1,-1.0
3486,1,4,0.018018018018018018,0,-1,-1.0
3487,0,-1,-1.0,0,-1,-1.0
3488,0,-1,-1.0,1,218,0.9819819819819819
3489,0,-1,-1.0,1,198,0.8918918918918919
3490,1,211,0.9504504504504504,1,178,0.8018018018018018
3491,1,191,0.8603603603603603,1,158,0.7117117117117117
3492,1,171,0.7702702702702703,1,138,0.6216216216216216
3493,1,151,0.6801801801801802,1,118,0.5315315315315315
3494,1,131,0.5900900900900901,1,98,0.44144144144144143
3495,1,111,0.5,1,78,0.35135135135135137
3496,1,91,0.4099099099099099,1,58,0.26126126126126126
3497,1,71,0.31981981981981983,1,38,0.17117117117117117
3498,1,51,0.22972972972972974,1,18,0.08108108108108109
3499,1,31,0.13963963963963963,0,-1,-1.0
3500,1,11,0.04954954954954955,1,209,0.9414414414414415
3501,1,222,1.0,1,189,0.8513513513513513
3502,1,202,0.9099099099099099,1,169,0.7612612612612613
3503,1,182,0.8198198198198198,1,149,0.6711711711711712
3504,1,162,0.7297297297297297,1,129,0.581081081081081
3505,1,142,0.6396396396396397,1,109,0.49099099099099097
3506,1,122,0.5495495495495496,1,89,0.4009009009009009
3507,1,102,0.4594594594594595,1,69,0.3108108108108108
3508,1,82,0.36936936936936937,1,49,0.22072072072072071
3509,1,62,0.27927927927927926,1,29,0.13063063063063063
3510,1,42,0.1891891891891892,1,9,0.04054054054054054
3511,1,22,0.0990990990990991,0,-1,-1.0
3512,1,2,0.009009009009009009,0,-1,-1.0
3513,0,-1,-1.0,0,-1,-1.0
3514,0,-1,-1.0,0,-1,-1.0
3515,0,-1,-1.0,1,212,0.954954954954955
3516,0,-1,-1.0,1,192,0.8648648648648649
3517,1,205,0.9234234234234234,1,172,0.7747747747747747
3518,1,185,0.8333333333333334,1,152,0.6846846846846847
3519,1,165,0.7432432432432432,1,132,0.5945945945945946
3520,1,145,0.6531531531531531,1,112,0.5045045045045045
3521,1,125,0.5630630630630631,1,92,0.4144144144144144
3522,1,105,0.47297297297297297,1,72,0.32432432432432434
3523,1,85,0.38288288288288286,1,52,0.23423423423423423
3524,1,65,0.2927927927927928,1,32,0.14414414414414414
